ZYJPDZBENMIJNOOPWSAIZQJMTEWQMIFHZYHDAESKU9XLBEUXOZYPEIHYH9NUXDONOYQBCTEEQESOXZEE9;2779530283277
GZLKQXMULKPH9HHQPOAQCBGXTLKJSXIPGVYLLMBVSNHWZEFBCDMOEAKZHIJSGWPVAJXEC9KGFSATCIRZD;2779530283277
APHOXPDSWYYPKTYHPKJOKAVQOAHPKQOLWFJBJAKOZMQVRRLOKZXFXOOMBHRKHAMVJDXQIAJZVYCOJVK9Y;2779530283277
FLRBBFFACBQUEKOYJYLLWAHDNKYOOHGPHCY9IROURZSAXOBPO9KGNSFUGANXCSPSVSFJRZCGNDJWSTRCB;2779530283277
TOVJOTNDKNOAQITXXDB9WAISLZOTLFBFSOHUWMKRSPBJPSJAOOQ9FGVKBIQEIQVEPPROFRGOTDQUWOYNX;2779530283277
UNIJKQPZLJVJIDMJUZHAUQHBLCDMIUHTLPIWQNMUKXWLQJ9KFDULDDZAFBNRWVJSTCFLTNSUBOHXNYEUD;2779530283277
LDCIOQXQMGRLHXSZCYZRRJFANBQXFBZYDSIZFSLGUDZ9TUEXRUKXFMQMTXPGUL9BPYQZHBCPIFFDOO9VY;2779530283277
XUFTGWEXZKHHNUJHAXBGAGYMYJVDOQZLZWAV9RXLYLE9EVFVHKNJSVKLWB9JQ9GYSOCQKFWUEPBURIOWX;2779530283277
HSXRTALDSFNGLWJPQTKNXEYLVNWMIZAXXJXWIKRDB9DZDYLXEOGVERNMPTSGNBUQWWZQAVRIGQTF9GSTW;2779530283277
LZSTXXO9Z9WVCD9BHSZMIACSKIRVFFBOUPWHSDMHUZVFNMVQXEXWNFXKFLPLI9IJEUOKXXHIB9GCKFJTZ;2779530283277
LKNFEAYYHIZHQ9ZDSRJNJ9KPPBDKHSDSACUTSGSMRCNGPRUQI9PTLYZCZTNXKVAOYQJFWHBAZTKOXODJC;2779530283277
LRNNBCISJQSRZEIBWAXASNCNITECXSMBDWIBMLKWAFRQ9NUTDEA9WCVWEYZUCGVC9JSJKEYAOJKLETQPX;2779530283277
BWCSIXSRIVYUGNXNHMHSBHNGTJAVSVKNTUKDIQIVUICJKYOGCWNVRMTB9QWFBCLCSVXJBQKKSXRVK9FVB;2779530283277
9XZVLMQDIRIXRMG9IDYNFL9FQNIJQVOZTVCYBFFBLHMTVA9QWBRMPWZDWMHCRIJ9HDJROMPNDQBECWESZ;2779530283277
SOIOKFBAZKHXWVMTLNCRSYSYZPUPZRQDYD9VCRIKIJJFOHUBPHAEQVKURAWC9VLJDWMHMKD9CARD9OBPY;2779530283277
FIQWQICQKTCRYKZ9VCGJEGHRJDEHBIELLLCGASZSOCPNZJYFWPZEMHVN9FYCBANNDLTJFCJHHLIIPDPF9;2779530283277
QPRJGKZWLYUHIAAGUXUDPQMVIQFSMXPTHUCHPMWEPEUOBSXJEFYXKQPBTDA9LSH9ISTICCWHOHUQOEZDD;2779530283277
H9AOEYUDGGUXXCQNZLMRPOIUVUSGNAHL9KKDSZGBTDP9UUFMRYHDVLEHY9CZTWJFZPNZKUBWXEAI9HGPA;2779530283277
TAUTCRGZUUYKLCBJRCP9JFFQKJANMRWTTOODDYMNSZEMIBLVINZR9ZHCVFNPNWTELXQYLMZEPFBDCTCAZ;2779530283277
ZGPUO9KUZZDYDFOF9NVVZHHQCQROBKRWXYNNHGXBCKDRGYNFFETQZEZAPEYHNSYVALYZGLTOTNVIPBANC;2779530283277
FKXICSKRJ9KYQGPICUOSW9AVSSQXYR9ZNXLRMGSRLVOTXKBISIBXALHBYOC9VZVGFZQT9JXCWTFWKMQBW;2779530283277
FPTYGNZCJORJCQZRGLAXWMLABPFIXVIFBUEYNFNJMUEVUUOHJGTPUIPDOWOVFWBMZGMGCTNFHORAPWRIC;2779530283277
9AXTJZVIREPQITEIEXZU9C9VMPSKGBETVARRXOWK9TIDUEFCLQMMJMRW9OWUPMMCYEGDBFYVXWAXMUCRX;2779530283277
TXJI9XUBTKCUFDBYAKKLVBWEGRPDAADQYFDWFBZNQRDVKIRBUDHBBRPYTYCAQZJY9IJ99LBPZKMXJMTU9;2779530283277
UJDQEAMMPLBXJQLAAXOLXRUHKROANRDRYLUAMIT9RQJWFZZZLXGLYJUYYTFUUBMHOLKFPWVUFZEDPBQSW;2779530283277
TGYPVIHLXUPHVVYCLVLTVIFKRXKODDIZPCTCSWMSRBXBHAHHNYGVMPCIOXCGJCQEGVVZHFLD9MMKGKSLA;2779530283277
UPTRTVQIBSQBLKVIXDDVSCENETAYKM9PSMIZPCWRHF9OPFJAUU9TAPSLASG9NLIIFFGHHQAA9GYCUAMBW;2779530283277
XEJCHLDUSKDJVSVGHTDEEE9OGIQYKRYOXWJKRBERHBWOFHOSBGXRAQWPBJEUVXXOXT9UVGPDFLRNMHY9A;2779530283277
9KIOYUIT9SDCT9H9XGTRNABLKQGWRT9CUJJYVVYQUKJLOFGPSOFCGOQ9XQMSZ9QCKQHDHEETJGZYWRKYX;2779530283277
YDP9T9LTDNFQOZTPZUGZWKUQWF9OZHYDERJI9WU9WQGRPIPOILJXBPOHHLIUJQEHDJJLZZVALSFMZXPMB;2779530283277
KJXWETMXKZRWIHLIQKDRGNEOURCFSIDRAWDVQWFJIZGLADFVADEQNISXDAYMLGCRZQMFSUVBAYQHUNNQW;2779530283277
WQXCANXSCWDU9K9TTUKAVILKSJ9T9YIBVCMAL9MBYGVHQMSTDBUXHZORSRYTBJAKVABXEDXFNJFLPCZWY;2779530283277
RTJZLNZPKXRQDNKQVURITQGBVPRWDZXMEYAIUYUZZCHBEAT9BCGPKZKIXHKFMEHIURPS9HEEXGUFAZDTX;2779530283277
ABKEGPUJNRTDI9XYBDPAFOEPXQDRPATEXNVQRLXWJTFGNRFICGCWXAATKRFVBPJFDFJCFELYNTAHACDPD;2779530283277
TZRMLAKQHFSRIOAEFLAERXP9FEZ9UMXOYZPXMQKEE9HULKOTRJDLAMKCZUF9FWCETHZXOBETUVYQBUBWC;2779530283277
KF9WOHJDMSBZCEPRYW9BZWZYMYMZWHSELIDGSHEKQUMTWJDANJB9XUTCNDNCOXWAZRLUNVIXWOYEHNEGC;2779530283277
HIJVRVXXMEOKTOXAUYPJHPXVJ9QOOIVYXD9EAUGNLSLAINRBYFNWBAWDBVZLDRTVEKLHOPCEKBHTEXMSX;2779530283277
WLHCQSXDRGVWIKULYXTXDCVLA9LJTNLZS9VOIXOGUZZKRGCEYCLKTNSZOIAJZVTUCRUOTXFCZTLBUOFMD;2779530283277
LQZZTUBCKPHIYDSZFQZHXXNCKSPHZSIWEOMIZKNFIASFBSDADIEDEPDEDBITAFDCZE9HQKPEWFYEKPOXX;2779530283277
CAWRJPBQFMOOGL9NBIVEQBV9RQMTLITKHMYMSTMYTOYUFYSRYGLEIWHUDMJXLZHOXSLKINSWP9HNGNYYD;2779530283277
AALKEDTTCJLNELNGKNKPFH9ZAYEMXFTCFBGHEOPQR9KHWBRRRIFMT9LSLKHFWCRFNREEVXFJLDRGARDN9;2779530283277
BSXQFAWSO9MWMGZPRKVMUMVUIETLPMBKRPQIHNMXJ9XW9DPDUPDOWEPHCAYERBHSXCJKXEKU9JATEYIHW;2779530283277
DRYPOVJJCGAQVMDQASUAXAQJBVW9GBKZWHHTTW9ASLGZMDBXTAOWQUQ9GFXGLBHASNSPLVNVWMFHCJRBA;2779530283277
ONHLQMRUDZQXMIVCESYOVRUVXIVDPDDSPFFYSCTOSQGCWWCVVLXTKDEFYFK9PHCJBJNGUMLPRLPSSXMAC;2779530283277
ETHC9USLCJIPXKNUQEAZVWYAJZHIWNHIJSISWVFCCVW9DPDOVGGWPAUQBFDD9OTFVNVB9NNNYUQNAQD99;2779530283277
HCKOUQPGDVXHFPRNTEHPSXEMXARXCNYOFCUMHCMWWUBOWTCNCXXSUTMDPRJDXNFHVCDSRUABXNIXGQCKC;2779530283277
9GGKXKMLBPTCGMLZVJKWHJSZLNXZOOOLHJXJITEZVNCPGCJEMEENERPT9YTXMAGRQJWSMBDSTWEEIMLSX;2779530283277
O9SZESMDSITWXZJQOTTHXPCTYMISBZNIISSOQFEJ9M9RIRPJAVTRXDWJRSOVCGLJFJVSQHZSMTCAUCWT9;2779530283277
QCWICLNXXUVBCTCUYPCKOORJCBVJOULONIKUXZEZTNYQBTYETYWSFDKIAOEBJTEFKYDGHNGDKVZRXGUDX;2779530283277
LYQPEBJDNQEJOSEQFLUPUJDTVIKMGPDOMZOBSJQJOYIPZK9CSR9DIYFNTYVBAFW9DRRCLRJIRABPGHGA9;2779530283277
QMMAGRUQFSWULTOJJZPPYVZPNESLCWHVADTPPIJVPRZ9BHXWBQBMPRTDKYAQOEFBOVYKJONIRUKNCNXSX;2779530283277
FUCIHXMRXIDXGJJKPUDMUHSKXLWWOAUOA9SPBYMZTPXIR9QOASQMTMJXUIUWFTCILOORAZDLM9WOCBIWA;2779530283277
TEXELPOBNGCK9XIFQNYZIWNOGOW9GO9REBWJFCC9TSZXHZNB9RDN9BPPWAACWMHDBIECVCBKKVSRZMWFB;2779530283277
MCTPUPJYTLQG9GHIYKHEA9JATLIVFUTHRVUDRCBEREWTDUGJWUNNXHJNRRJCGDNJGGQC9LDZRUPSTDEVD;2779530283277
VXXUQYLCK9MGIYOKRDBZQ9CPLFYLLNOUDAOIRG9HINFWUDGYRNNDAA9QWQGEEDXDZQNTZVYJVQVNMS9IZ;2779530283277
ITPTQAKGQQVCLVSHZRW9YLEILDJNZDENMJPJQSB9R9XAMZJECMJUPOEZ9TXBKITHLWZHPQVUEURPEYSVA;2779530283277
TXN9F9VZALBVNBA9RUYNOFYUVQNHNGOOPGPSYGMIEQBUEHPGSM9SQBJBQICPMAYPZKMAQNSDKYCSUDCJW;2779530283277
NQOJYSSIPBPFVMZCQTKQAPTKIKKKLUQOYHFJJSUZZXAPVHXQPSFJMJQTAZCEUTUTZONY9CWCQIJWGWRYZ;2779530283277
ADJAWCKPDUDUGFZMMEYMAQSGPDSKHFBSNJSKDENGFSLBOCEQGRPU9EBLXAFVEWZLLG9DFAU9MZKISZPIZ;2779530283277
VXHOKMIDIJYJROGCKOYWRBYKZXRPDOBKPREPOWWNGJHQJWFNWDDMEVHNKVSTOLBZNTTFNVL9HTNWPPMYC;2779530283277
PTKSBVOJGWKTPYLCEHDGGNO9VSURTJCKRZZXODRXLSBNOVVBNRZGTPIHWLIHYVZHKUVZPYHJNWWPRIMTY;2779530283277
BXQVSVR9Y9TLYLBKUNGMGKQVFOZITXI9QITJJHKBKOEFIDTRHSEVSJIGGTIYJDCBZFNAZPANXAOERQJLW;2779530283277
9TDXEOQWAQIXMPAXNGUQULKEYRKQRLKIWJQMBC9ZWWLXKFRLZXTLAOWWNFAKCUOTLXMBPGEQKEHDHMQXC;2779530283277
SHGUQMMX9SMKAOCWAWZAHLFTFX9PYFNSNOVXEMMLGQDZCSTNQLUNOXEHCLPCIZUXBLOMOEINFYPGJR9DW;2779530283277
NRFUGRR9GMVRWYJPIVDYJVHLWOORONGZOBNZOCXNQTINCIHBLHMCAKMFUEKFDRCUDSD9YFTHWC9LZFHCB;2779530283277
IGTTPVQWMVMUJMOCFZVLDAGTDGIZHAKUSXIDUGAKEKQFAFVDYGANACLPVP9TIUUWIQNAUVRX9BQZUXZNA;2779530283277
AADNHB9ZAZCIEEKIUCLNKTIJSGUEOVNIAYJIIPLWAOMO9UBORYRBFUKNUUGFUZFTUJCW9UIHVDKLHFX9W;2779530283277
FATXYZL9NVHXSOYTJZYRL9ARP9TZJCCUDIIITEXKILKGDKLSJUCHDYNYHEBJR9MNEGNGEHTBLWTHYIRAD;2779530283277
ALYZPSPTMCODUSQMJIKIOFSSWCJ9CO9XHULCLMYMOWFNIGBIPSTWINQDMVQSKWVRPXKGTUGAQU9SCHGQA;2779530283277
JRADERMZGXGBSLWFUGLBSKLWCEHGXEZHZTZ9REO9BZESXIJYAMRSWROVLXIIIWHAVPBJXWWRCEJPSPIVC;2779530283277
RQNCKVTNKXXCSDOGPRAYATPIHDFWWBKYKNSEDLQEJGJPKXMARVLHBNLVYTOZNDHYG9PTETPYCMFRLTDTX;2779530283277
V9ZNFARPE9Q9JQDAGJALVJUHUFKEQIRBAFXUNMHILHRJBWJSUNFKZWXCGHBIVDJNPIYAHH9QKGKOJIEWA;2779530283277
ZAPUFRYKMLMEYHQGJCEWCIE9BZVICZQAXVFHWIILFQSZUUGMXVPWTAITYXSJKTVSGSQSZUXUSTVGJXXYC;2779530283277
9LIJ9QROFFZQEWMYTZRNT9KA9FZRQCETGOBZLPDUALDJJHFBFCBAYKQPECPWBDGPWVFMBLVOOWJPNPRXW;2779530283277
INQHCVDHWMILTZLFYVEKXDEGRFQSWTOANTGSSHAYQ9AYYDUBDBLEKXNAMMKRKPWOKTCNLDNQFVFPUSQEY;2779530283277
W9ELEMYQNCPKAPCVBVXCBUHND9EVOF9YXCVC9HSLAIIGKMGTSDTX99WQMEUTQ9UDLEYNUSWSYMYLQ9ISX;2779530283277
KMHEPCPJUXAOZDI9QVCNVXDPCKVCQNAIOLWNWKRRFGTLXJNSLQWWIQKXVSYEGMUWWMATVBGOMWPNLZPZZ;2779530283277
QTUCNKEERRITDTFEYWXTTTOEAALOADGOVGLGTMMW9DCRZQGN9BN9LEDBJKGOFY9MQHPHTNAJRSSRHGJFC;2779530283277
OTHZZLCZUREBRGABRUHFHKZRJSABHGNTDENGNDXRLTXSUQUAUMVQRFLOS9QTDO9USOMJHNLULVXFM9RBY;2779530283277
GRTGXKMHSLTYEYSYTFCKZALWQSATCRDWNCMYQKSVKCVG9FCEWP9UGMHGEAYQTSWETJXGY9MKGKUNJTYO9;2779530283277
VJPEDNWIEOUSNHKBXUPZAAMBLHBUQSWVORLPZNNXRIJZCFNKTULUCSKGE9KPYTKZDDAPUIQTTYWOVUWMD;2779530283277
XHAWMXXISNFACSNLFJTLSUGHROWCNFYPKARAQUNMHKUJOJNHNWWETVTCCAYML9QGGQUVJROWFNXGSXTWY;2779530283277
HKYATYGGVZGVGCFIYDSPNGMVVLTEJAFUVODEA9GBS9ICYKXPKVXAXEPKOPUDPYUMLAQBKW9HWFSTDFMVZ;2779530283277
DYGCREZZIUNLTXIPPOOQLZDIDHHUCMKLTZFBZYWVCJZUNXNUIVICCZ9JYSKORWMZFZCEJBYFIX9EQXBYX;2779530283277
DWPUHU9IIIWZAXRWCAGTCJJUBDYKNOSZSJBTIYLVWMUCQLFNMQRWIHPQTABUTTSTDFJKRHM9XFULHKJSD;2779530283277
XKJQXVELGCAJMRTQJSQWDNXNGZHYMMDCRHNFNRYABJMGBSRRWWLQ9JVBMMHCVJHMSCXUXC9D9CNTOHQQX;2779530283277
AVM9TKEREYT9CNO9BFUPAVARMSFOWFHHEIBYFPIXEOLOQLVCPDNKYOKVCAAIGHZXMXRTPVVAUDWT9AIEC;2779530283277
UOSBMBHUEBDQDR9TSFHGKDVBBORTNDIEGFQZWZBGONGESWIRUHNE9RAG9TNFQMWPKAVVNSIXDHXWUKVZY;2779530283277
UHHPHRCAGZKUNDKOZURKOTFKSPERIFKAJBKXVRITWIJJHKCSP9IOCGWUPIKYSCKKNQBZFKFNSBPQWTPLX;2779530283277
WITQRJXHIQORZR9CV9KDW9OXLGHG9CCPOSRPJZCMHFX9UMXMBZCPCHZHONKQIDTIIHYKTTMHJRRTEACPD;2779530283277
OMDZFEAPQSWMPF9RAMCOQXRJNZTPSGQDKNULBCMMNOKFPOCRHAQIXO9IGWAQYLNXRQDDWQUTRPRUQY9DX;2779530283277
KUTYBMMJYFIOODMKVIJLSBHSOZWXQWEMUNUPPJPFCEOWSPLEIFPH9T9XZDLWOPHQTSXTYFLGFQMADMTUY;2779530283277
UYDEMNKVXYIDFIUTJATQZOPLHXZBUCSFINFCHZXKZ9K9ZCIANRLQEFY9PJR9UOF9DDNKOWEIOEDP9LUWD;2779530283277
DDDVAXRDZCRVNYPENUYV9BSOYOBWKMZFKHFXEWJBNHIFUSDUJKC9PNOOVFCHKHJBMDTUDJQCHSSCLWXVX;2779530283277
QFRNJDLIXWPHCZ9SRKANHY9PA9FRDQWPBSBTYGLPDOYBZPBTPSTIKKCF9GNFITTKCATGEAEZXCXFMHBGC;2779530283277
MURKONABTGRX9TCVUYGSQAAOHANZDTAYMIIVBVBGNSTTLRJQ9OHXTHVIZXTPDGERZFXZCMEFRFNGPDSP9;2779530283277
HOMCFMKTMULBJIDVIPXWDTWTUVPKPQOMHRXDUNMQK9IUOCDCRBBYEHGQG9HPRBRLMIYSALKRFBGQK9AUX;2779530283277
KAICTHBHQWZD9CFOMTVRUYNG9FIYELIFSHWRSAVQOV9OJREUDMKCOYGEIBFRMTAKGSTA9FEEGBJTDJVYX;2779530283277
M9RFRYQTDYHBZZJIFYKRRHUGNRFTYUIHHAIEQZI9VKGRBKIELOCKRZKLPQUETHCMMMRUFUEIKWWEPLGEB;2779530283277
RDKXSEIPFFCSHZDMVNE9WXVVRJFEFREKKQLNRSTZC9TENBPRHAPUJ9UDDW9PGTPRUDGYZBN9VIFP9ABGW;2779530283277
PPVBSGYIHTRORXZ9OXOHGPPCAWVFHDSGHWIG9NNXXUIJKXSTBBHQSXGSOABVBVTJSQEWEPLINFMPF9DPZ;2779530283277
GIBOHNVRBVYRSXFBQNYXUKKXVJOVDUAYVFSY9BORILTVSTFCBQQUITZLTPJFKCMQYXJTAARITZRZSNRGW;2779530283277
9SKBSQOSQDNOLI9ZQLFFVZDULCGLPVPVMUEULDMMEN9GGWBK9PJQRRCEJPFVMEVIYRMZP9WQQUNWZVV9Z;2779530283277
EBZBNPVFXDPXOEJSSGFORDAXXVVJLVFL9SNDSVDFLG9WHYNHHNCPVEJHYGBAIYFPTPAOTRMZRBVKUQXB9;2779530283277
JQLZEGUZDSZESJLNGFHFQDMVPDQKXLUXDQYBPBQBHETZMROSXIFGOGADCJJTRBQQKZHNZFZXUEBWFYVXY;2779530283277
NOZBXBDCCFJOILNFJ9IIRKEZCBAGREUKRNZVONXGAYMFKFRHAHABNKLUHHXKIECGFIDRHUBKMLV9GWTMW;2779530283277
XWTOGYAKVJHJFJVFYBGLAIJXXEAOBPCCGYYGBMCEOWC9ZXKIMORT9CGDUHSFA9CREMGAWEBNUEDRHGZLW;2779530283277
MARFFRDKELEHTEJALKNPQTXWPJEYIIRXYTNTSWZRNTEXBYRUZQFEVKLYRNTIIZIFOBEBOZCDRQKIVAPVB;2779530283277
HWVPIMDROKLIUYOVHQGKEPSYFEEQZQNONFTJSDLFSFNEAJJAHPJCPRZEHWRVMFEWTYECMVEZFEQFTWWPX;2779530283277
TOZBZOBJJADJLPGSFQWEGAGKPTZUNQMXKFTKQTVMYESCAYOIJCOYZAQZPN9HSJTNMWDXPRRBQKUESZXMX;2779530283277
ZG9O9CIKNPCSHS9CUQIB9KLNTD9IVYDCVHFPQZNYXQRKWURQGUKEQPRBXGPVMMLWKNYMPYENTIHUL9CCD;2779530283277
AGECXCAFYMJYPVCB9NPOOAVAWHWNXLKAQECWVOX9EPSQOUICFSWJBWVXH9BHWGLURYXVWXSXOGR9EZU9D;2779530283277
SUQCXPUIWSQSMCSXIECUVYXMFVNYSWVGVYGDPRVVSWAO9XWWKVBMP9ETPQYUUJNGKJKOAQKIESHWIQUEW;2779530283277
9JFVDEDNWKFVFOJUUBOIXRQGNBPJCWBOMUWSTOWNYFBQLLZQJJPRVYXJYPVTMDKAEFKQRLMXCTQNGUVRD;2779530283277
IWNVICIFSNKPPKRIFNFNFFIOYGWJKROMWBJZRFNWKN9FXPYQXJ9VKZMXIWPYKCIRAPQLVPLNJBZPMJBCA;2779530283277
TATCBRYJUZWCTVSACRXBRGRZXGXMWJAJHNHPURM9UERVZAMSAGHWVGIZZXCQTVUSLRGNLYGBCTLSCXJVX;2779530283277
TYLDYYRBWIPQRTMXBBS9AKCBWILCQW9AXLKNNXALYINDHECWRGQJMJPRLDMILKCW9JFLAONTUIRYZTLLW;2779530283277
DRJVQAKONVCAPSAXKYYCUAKGPTZIYE9IQJDZXIIDGHDQXIAMBSDYTKMHBTDPBSDFNDZG9JQPBVGN9UNZ9;2779530283277
NDFZRHITVEYTNEPJWFZCNDWKZLOJDLCAROAZUXCGXQKIORYWPFNA9FZFTIV9IRFNZYA9QPYPAXRE9PIWW;2779530283277
MNJDGETDRGYYQXFRHZOMTMNPMDH9OFKDEDXK9MBMXIGXWANR9UUXNONE9TONKEDTVXMQABDPZECAXVQEY;2779530283277
WAGBJRZULQNAQLWRSANUSKNXAGEAOVLLRLSEOSKPIQPKGO9MRSZBLZIJGDR9JKBQOHFTSTOJIYXH9KQTW;2779530283277
9LORTWZXITRIYZSBSI9ANQDLEJCKMCWMMPUCAWMXIJPDGRCQDLHLQYVNRHTZAOJUFO9O9VNUXUMWUYJPA;2779530283277
EIRKBQKDNVGJUVUKPEGXBCNUXJKNMFTQIQZONILDP9XCGPRDVCQ9NWGHQMGYTMXBXMYJEKIMH9XOXXOWA;2779530283277
TUIVMFXYWBAVGXHJGODZOACO9VYAWSHSJJYTWVIGXHQQC9NXALITQRCJY9OMEDDMNPWPYBRAZOUZOCDAW;2779530283277
ADIITCANBZDDSDJTEOICWTEUSLL9CVSYWQIQOAHTOCUUZEQWPE9ZNGUTKSGUYKUJBXRUPSSCKJPIMMYBC;2779530283277
AEULKIGPFZLXJWOZWE9UVCLXMNSJJGLPGZQBPOWAEULXHGFGVZGPDACKKGFZTYVXXVTKTBPIPETJAWUFW;2779530283277
PD9VVMEXHDASLMR9JQRESGXADJZBSRWWKO9WBJCWSOWUDUYXCULBUBZWEEVGSRZQFK9TTTMUKJ9YJQBQW;2779530283277
BXMCBFEVHJTPDMJMJWL9VYIHIFJMEGGOXTVYATCBUANCTCPS9RYJUABMDMVYIXNIEMTZRQAQOUEGJJQQW;2779530283277
MJQMXZNZGUKOTHSQBTIPIYXHVDL9BBFDBEXODOUILPYIMJ9FVIJFJAOJDEVATXBVQDTLKAHTBQAVJVLGA;2779530283277
DKESWUUECFKFYIQZTIRMBNCPZYOTHKWLBRAKOOTH9QZXYNRMQNCCHJXPMYYACDOIAAHJQOLPYXRQYBQCD;2779530283277
WLHFXLZTTHSDQLLNQQMHKO9DYARPUBHMBYFIJPXAXAFBOOHHEXXRCXLRZGLKPMSVXAHXJRCIEGYQKVYPZ;2779530283277
PQZYIHFINACQVKNZCLCOVRHIU9QZIGNPBGHUYUAMTGAEUYTVZXYYRLLTFFRIOWJMLPIYARVPJPMJIAMUY;2779530283277
USKZMLFYGYUB9RXEK9MFYPPISKTZADDKNSRJACMTVTRLFAODMYIIOULTTDIAKLNZCRC99LTEGYDLGPUAD;2779530283277
RNYAGRRJQJSPZQTDFAMOBTLFOJALSCYSDKBEHUMTKJZBUBVSVRHSZCHDQWSAUTKVLEXFBD9RYMCIAGQBZ;2779530283277
CNCLYGZIJEWYNOUI9KJAGZIUUFOMNFRXYKNFXPQCWZYZDMJARDE9FCZPKPPQ9HESQGZRJQDSVXJPFIPLC;2779530283277
EEWCFRWIXGIPBOX9IJRNEOVQOUTQIRDKYSUPZLBBMMPZKQMCEIRMPNE9QPIHYZKLLBRAETRXKHKJECNTW;2779530283277
YTUTYQOXKKLMQGKOGDCYWYIOCKASATZHADCXMAMZCRVYB9JEUSNJHIELTOWPHDQBMGTDDPIEUQRIKMFEX;2779530283277
NMDQYTODKNCUFOTBIWDINWN9HUM9LCIX9WHONWNVHCQWPKEFTAQPMIHQSWYTYBJGOOFLEFMZARHT9QMRX;2779530283277
JGCFUMUQWD9GGYXYXHTCBIJPBA9CH9GYJSIEXRIFHIDGIWFZMILWZFBMJIJYVHMRDBVBPKNUYVFJSGTKC;2779530283277
PWDZBGM9NBIVMYZRTGXKZNTDWYZPSGBAROSBMTMDSIBISCCNUISGROHHBOEQCBNLITBKSUOUTAJSHCRPX;2779530283277
CZCEPJKBDYVNOMTJNJXCKSLCJJGOHTOFETKJQRFADBJLDRB9AWQUATABWAVBYSQWNVGZJNBGOUDJOXJN9;2779530283277
UZ9AERZDDHW9TQQY9AKRFKGVTVJLBGZVYKGZYGSCOQQHTLTLUQJERXONRNXIEOCMLLUHNIHEMIC9HIQWD;2779530283277
HUGMAVLGWTZBRQSTQBWCI9CRZ9NPFWWV9FAA9OEPFTROJYQWPOGYSV9RMWHLXVDSKXZTHABWYVSUCULMX;2779530283277
DSRBQJLUY9UNMPWGXVPLSTWXI9QFQXZYXWRGWZIINOBAFEOAVZXKK9ASEMWSKSBKJGPDLRHBTV9ZZAHMZ;2779530283277
OBXBIT99DJDAQ9PTAWHKFHQRFJIGTVMGKWUOSPVREEKFSHKPTNOSPCYC9OUIFAUPCVBRWCUAAKP9BLYKZ;2779530283277
JFGZI9EE9ZWLOSXBB9MEWCHHKIKBBWDVIUXAVKXAH9OVPPPJZWPXYLERYUMKFEYQOKAQSWRDCXCRHDYWY;2779530283277
JRXGFIFXNCE9MLZEELPMADKMPQ9QHABWDYZTFSDAKTXHFLYLVJZ9YXPDR9SZRDRCAZPOGZSHQQAJYACCD;2779530283277
BVRAEONBPPZYILDXUWGOACCKFUNJHPMNQVCTOVGCLSXRBMPWGGMRMSFLD9GHEBKOSGYZX9AGQQIFZQYTD;2779530283277
RNTAUPRYNULWX9NEBXLKGBOUDMCZCVQTZHIMVFEGCGOQUYKOTKILNIHUQNVT9UVSKCLGNDR9OFYVGDCUZ;2779530283277
GDLMFXHQSZEMR9AI9VIWRGZXAOILWINARUTWYBRJTTAZQIVSGGRMQBSOHBSOLNMFYHSGQPGQKMQDEGHUW;2779530283277
LGIGNUKCJ9TRNNSXRUIWEX9JWHVECIYOPNCXIBFUOJWXZRMNZGLUN9EYVWREJQOLPXYKNUGLNIUDRIBLB;2779530283277
XHYZU9AHULNUQTNDDGQDWDSGQPPAXYVGJWZ9TSXYWA9XRXWMCVBMVLITXTSZSBUPHFVBMKLDZRUNWNGQD;2779530283277
GCDDAMZGOPVPFIXBVGTULMQOSPG9IZSLYUYNZASWBIIITXJRCVLTFBMPHNDDDMXV9UYMZNXKOOMPOP9W9;2779530283277
9TRJMBBQGQBPV9MPWZWLEVFMLYBNHQHVCYTYROYTJKGMJLADEGPYEZPDS9W9ONZGVPSA9UARCJIVISLQD;2779530283277
ZZRPHAKKCRWAVRMWBOQPKNZMZTZGHPXWKFFGIPNAKVJJ9EFMFHVIUKUYIHWUYKWWJ9GVNPILOLNUZHUNX;2779530283277
CHTNVGW9UCFM9UYQI9HZEBGUF9ECMGKXUWT9J9HVUMEZXWDZOCVKQUH9WQKPBIRUGRMLKFARWKJVDGPY9;2779530283277
URDLOCIUHQKVWZYODBFVGZKKMXOFTTSYYLMMXYIFWBUBHOFUKNMFRUKNDRTFKJVWEPUTRGWU9VBJCXPPX;2779530283277
N9GYSABKWSRQRWEYM9RVCWNKHVSRZVVYVYB9RWJFVKTLHRNHBHCDDVYBDCRIDSAOTVCKUGUDVTGQVJOXW;2779530283277
SZZCLJKJ9VXNBMXOTRLVYQKTQSJ9GAZSAJOLJT99TSASNFMJWKJCQ9QBYSSCELKNJHGVOSXG9YHMIXDAX;2779530283277
IGRGXDCZSAIHGSGNIQNCXTSUKKTGPUCRQRCG9SCFJADRMFUZOJXNMMQEOVQNUVAFKBGLVBKPQJJHOGRZW;2779530283277
WFETDERUJRVFGEOJWEHLXQFRXYIQDZMNTHNXXDHBHGWGAHFIYBDSVDUGFTHBVGOKEXAEFHKMRNXTLUUVW;2779530283277
FKJORJFLWBALCT9WQ9K9G9CVAKTBVEOUOETEWKOJYEXNLGGXVMZELKAIVTNIXLOLNA9HDYUUBOHH9GOOC;2779530283277
DKONEOIZDWDEZ9LVIVCCAYXPNUHVYRWFHIAMDUMMTYRRECZJQMPUYCQYTNNBANJSXIUG9DCGAJV9HDDEW;2779530283277
UJHJVNGOSRYJDOBXEJJANXKTDXQIWBHLQPJIRJMU9TBFOZWOKTUIBHNZY9EUN9UZYBURIDPDYMDVATDOW;2779530283277
EAO9WSHVUKOISEMOFFNMRVOLSYFJXZCDLSMH9BDGZFWUJZNBFRGNA9DVYVSWWBXBVO9UXZDMBKWEMVVLW;2779530283277
OJUTODSYNBFPBRSYMBUTVVYBNLYDECHCYQLUEQAUILTKRNANOJJGREOZJUHHYX9YAEJSJNXLL9ZC9JRCZ;2779530283277
SUPLKEUDXJXCZTEAQIY9DLPDCORFG9DJFIRAHOLGPMOGQITO9KTTUWPVNEZXLCXSBXB99X9IULHNVOHPW;2779530283277
9PFTW9FRAZJTRGJAMIFEFTZXVVKCCVLEDPVJHTGDVGPAFVOSCNIQNZYGGEOYEOBDDZHQZRCSOSXRVMIOZ;2779530283277
PS9YKLTWDAEZS9GUSUYIBNEKABVKEINIUNJBKLIJGTUKUFUTPXHTUHACMFPMTMSLBDBIGCIG9QDFVLZIA;2779530283277
OOBDV9INRXRNYZMQU9FPUPVHCVBCWVLXEJXENNFVCDKLJDQVJSUBNWGOFEWQIZSXYJHSHWTNYGPJCXWNX;2779530283277
LPOEIRVZXDOXMCKGLGJLELJGWBLIRWJ9AXFZTKR9UURUGWBHXLFKCWDHTYZQTR9EIXYTWNB9SRRUJJQF9;2779530283277
ZQBDBGWQWRIHRYYLWBYWXAGOH9AALBHIYFCFGDGGZ9MEOGZDPKTZULSJKERPPBNZAMEIPIUPKYVESHXGD;2779530283277
TJIJO9DSQGNVPYYESGZIZBRQSTFEUCOVMOLLAVDJWURBIUOKEPRJEZZRYEPXZVQYWEWIAOOALQXLGTTFA;2779530283277
OUOABTVPCLCOCX9KCUSFIFOWBRU9ZVURSGPTZKRYQVZMEBEBCSBQUKL9RKCMLCNGZMMLRE9EEK9QVNRGW;2779530283277
A9XMUEIQXEHCXALMVEB9QTUNMVLICOJUXOFEBSKGAUHKNBKOCLKHMREMCMH99UAAMPN9FWMCGRLVEGDKW;2779530283277
KKZHHIKTI9MISGPASUPCZKLSZEUMPJPBFXKVJDTOCYPFIKZIDGOCFXRNMPIK9QHSGHTFDJPTCWPCHXFTA;2779530283277
9DYFQAZY9WUBTMEQMML9IVIXPSV9UZTA9PDXRH9MGQUAAEDSER9WUUOUZFDSMXVTATTRZDFGEANCA9YJ9;2779530283277
EILVTVTJDZAQRHKEFFQETMJZCX9RLBTJRMPEONFSEAYJKNAUEGVPIMRSPQLQQBSHXILSHXLMEQNNQMWYX;2779530283277
IAAOWFAGVPHVJBOUXAXTHNIXHOCBDOCABSZDEPZIRVCTZIOJSNOUYZQYTS9XCDSYURQIKXJSFSGWNOA9W;2779530283277
OSLEAJRJXOICBXFLXMTQJTKJEBRBRZHIDYTJHKGKADBQWJBUENSAEEQITNRLLDBIORMW9IUSUIGC9LHGX;2779530283277
WKEPDTPDIJSM9QGXOGIWJZQUGPR9QXNLLFOABMTQ9XKGKVURD9IIUUMUQYBGUJRHSKAEGVBZQDCEGB9OX;2779530283277
ERUDQMXNP9FUUWUF9MYRUDV9HYZNGP9CJCMMSCPGYSUUKAYXHNBYQOLSTJJZQBT9PFUUSSASHPDOW9OPB;2779530283277
TDJTFCPUBGXYHIKMNUENRRXPDCHSMFIJ9EHJBPFZIVBIJVTVYSLAQZNERMHXIIRXEHLTDPFFWNCCJADTY;2779530283277
TNOP9REGJO9ZG9XOSNEFDADZSQCV9DPLCTRAHAOJRHEPOQBG9BCQLWKRHVTNMR99WNNNLCCAXJXLMVRFW;2779530283277
UICNAXIQXRAJAYOGLGVPFGNKIGPOKJYOGZFSLR9SPYJY99NLKXCJBBB9IFESZLXTTNLUQDHJJSU9UWLQX;2779530283277
TB9YTJE9DYCFUCXTFQ9Q9SDJEJUECOHXCOCAVJCRRHBEPPMLNKLQRVWNENOBWRSBNPH9AVIBUCC9IGMKD;2779530283277
LR9VDIRQTBSYBIJLVQWGTPJASOMDHUOBSLTGPKPTEVHIEHCYUFWWJGBGPWKUGPYZFZJFXMQYTQFQRCJ99;2779530283277
CPJ9OYW9JAR9JNNOTSDGYZSTUKIRHIALEFUOXVRNQMFIOPQKFNRNYTCJBKVYFYDLYVUPTST9FKJIBJFUW;2779530283277
AKCURIZLRZRBRHQMNDTADMQBAVHYBIENCB9VHDEP9Q9GVCKHULTJHOASNQVRWZGHWHXNX9PKYMOQWZCLW;2779530283277
MEILJUPGBAAETPCLRPLNCU9KMIHQXUQGNNGBEYBDRVVNXUWHYWHVEDMODLPUFZJHTZMXLBRWVSX9ALZCB;2779530283277
ENOWNQSBNKJFSKOUXVQAANQNGYNLZNMFITQAVLSHHTG9INNSLEZLHJIHZYDRIWCQBGXDZDPEZT9XPBA9Z;2779530283277
LPIIZDYPJIJ9SIWUGJFKEGL9AGNWHELSOUUBFMIPRXEHKAGCCBNQZQRKONCTLOUVWWRYQKSQXCCJHIUKC;2779530283277
NSTVKCQZSGYDZTCLAHZQPFRYPLHLOM9XNPJYNQZMXRTOPISVRDQIXTSXOADZBYRTUGZJ9OR9BDQVXJAE9;2779530283277
Q9QPVNPLHWNCCBN9WWKCU999QQUJYLWKKPDXPUGMQJRWROVOIYVLEFTUUVNBLXTGVJKQIXNRBNLUHEQTA;2779530283277
FKQBSBGYORAP99L9JHLKAHZRYNYZFEWGVPPBQYM9JROCJBR99DRTCEDTDWFXPUWMQLJJYSDBAHUEKWHCZ;2779530283277
9TEATRBMRVZRBEHSPWCDATYDBXBZZMOTUCJZYIYVYUILMBPYRWFVH9LETHPQDXCJOVAFKXJ9FRQN9IJMD;2779530283277
PDNCJIYKIYOBAYJZKF9KBSVCKMZOQLIGULTPWA9ZOQWJLV9PBTRXKCJJFMOTSIUDAOEFHBMSFMJVWEJJZ;2779530283277
IZXWRCRSZHZUZWOJAREZAAQESMYRHKPXPVQ9TLKHSRRCYLHRRSENYNBCSNMXGAQBXZRVNTJLC9XPSX9VA;2779530283277
BABOCMMEFDKLUQQTTGRMRIWOURDDCRJRQVRAHWKCMHGMDUXDQ9WUXLNCMPVIWAUDZWXATSEGFLVWZZFKC;2779530283277
FBGNOKPBWGNJFGOZFXAGSUVLNAPYTNGVGZSQ99NWXNGFZMSIJALKT9UK99VYAPTNU9OQONK9EIVELAPNY;2779530283277
ZTMMCUBDKVSXNKTCIWVYTQWHASEHSJPXZFG9VCWFOUPA9C9CNR9UHJSVSGFCNTNUOWNJEFOQOKLJDUICC;2779530283277
SHOHVVGILAEEBHFUIWNOGWMKIOKCPOJYUGXUZNYAFXFDGSMGHPFJCOQTWJDAXELRJHUXCEPQMWPPMZKOD;2779530283277
VDSWTRJTKPJNNEMII9OAVYRHWBJVXSZPGKVYQILVZADYMX9FODQPHOKAL9YVYJGKOZDXWTSEZNMRUTKHZ;2779530283277
JIPUMICRYXNVDVSUALRGNMY9GVUMFVMOCHSB9ODQADILXKZJQ9VYUWHLUBIXMKXMOHIJQKEBJFFQR9WMC;2779530283277
PCIITKCUWCHGECYXZHEVS9OMIUGYJUMQXORZVHPFHKDMUJ9AMCWLTLDUKYYOSFQ9TIKRBNSDRVOOJIT9X;2779530283277
O9SZKTXUHAGVZZRNGYV9J9YQHPKJ9YSITMIOZY9RSLHDHTGFERFJMUGZNNTWZMFQMC9TVTECZQIBJOUOY;2779530283277
JLTUYIPPHRMYEPJQSIWJTGEHGPLBJLEHNEHMEKUPXHEPWYJPXWCOQXHDCCFRQKPPIIWVWVLFTJXUHBGPX;2779530283277
IEZDEYFJA9PQMDGBJJQOWSVU9NNKJFQNJONNQBNGDXCEWCHUPFVG9CKYRBROHXCLDYDP99QYGKQECPJNW;2779530283277
9NQES9MHBXJPQZIHNUHF9ISYQFWRCNPMEJJJTSKGKPHXGLUCUAEJZNMRAYHPTWJMPHKS9FUWQXJLJYAVY;2779530283277
VSSCDNJNFAAQPRCZRKSRAJEPU9PNEDOVSHUXDK9XRJAHEMWAEYZHLQVEWDWRUPS9VCOXTJYLGDUZJVEWW;2779530283277
AD9UFQZIIXZEYBBQI9ZADDSRHYE9DPLNOODKSWUEAKWUCXAOBHDFMVXGISQYTOGY9PCBOA9FMYQTLBXD9;2779530283277
XVILEEETNVBQFCVOAPBSQUMOPVRGPBTLND9FZZFSPSXJSRWIRVIXSZDNHQNMHNKEVSVJJCRZTPBJFMIDZ;2779530283277
PNFRIZCLWKCOMCNOODHHDZUTAJBIUIBSSQPYQLZHZECMHFHAQNYH9GXYZ9VC9QO9RKPFEEHTZABBDKXRX;2779530283277
NAD9SCURMDIERJILLVRXMCA9NFDWFBJVLGPJDCRERG9TUMDVKS9GYMNO9PUDQAVZHMZDRDJ99OFUU9IIY;2779530283277
FQYTVUSTAWRIYSYRRPJ9XSSKFNVETFWNSVZUSTOMYWSWENTYLXS9CJETZFKWJQCBAPFAYGIMZTVV9DHRC;2779530283277
SOTFTWBBOMDEAYPWVEEFETD9LMFDDIGUWSB9CHGVXZJKNNUQHRJXTEAUMP99EZHAQRFNSSZHJWLQWO9HX;2779530283277
EUYUZHINYEJS9QZIZSMDSRSGMOHGO9KMZARCUZGLXPIQUZIEJQHSMBQYIQPSMZ9ARKHHYUMXFVOYJWMWX;2779530283277
YMXIASMREQHWQWMFQKJAICLLWT9CJSMGRUZJIVOQGINNLJBCPQDSVSSQFFLDWAPHDYLPQXLJEOOPIXXVB;2779530283277
COG9EJQWXHUCWYDSPIIZDKZOSUNIFXJGF9T9KPKAMQARUNQWEJHVGMGGPIBMYZDMKAKOTEIMZRXZXOMHD;2779530283277
ZMLPXVHDCSTJWUUNGK9JMSHQLZ9RQXBMVNCGRKOHSYKYMNCGASTQHFRJYHNCWZMWUYBUKNSRSZDDXYJZD;2779530283277
AWIMLZIAADYUTZOYRHEQWRNHZYGDGDZTG99OCGUKTCAUTEZFDSUCOCLRDSAWLGKNMJEUGJBFAIFLCVDS9;2779530283277
MAXLOCTKISLEPWVWNFJUWKCORCYBRTBVRMNTRMVVPOMJONLQZSLUGSUZUCUUYWQZQUIJWWTCYJNUTX9E9;2779530283277
NGFCMEDFXDTYB9RZAG9TAZNUSMYYACSP9RRCJZBECABUZMXVNIRWCTMKJECPHAPPBNOJXEAWTFJGNMQIC;2779530283277
KEURQJOGOMMXSYKWAADBBYLWTIBMYKZZXEYGNJVEST9CIKZXELDRQUCXVYZQNLOSOTSBDRHDBSGUSZWR9;2779530283277
LEUEWJNFMKEHBOADMDKPTYQZGYERHKXYSDBZILPBSXPKZAOYMJYDCG9XYERSFTJMBTOPUERKRBIBMSTK9;2779530283277
UHIIYXUUDDUCHXRRNSHYPBJKL9FIFCOIXYYILEOAOWSXKVPYIVKFSVPZZKSXJVEGZALVL9VHLUI9LILSX;2779530283277
TRWNLLMUIYHE9UNSPTYQNB9NLUS9DLRWUSSDWMQXRMUZFU9PEXMMMQH9VY9W9LZIHXPWX9ABQKZEIBW9D;2779530283277
DF9ELVJHFIMYFYVVMWIQSQA9VEUQDZGUZXMPKBMSBWCQAXXPMNIUHIDGVESQ9OGZGIQOHOTCIXU9HNRBX;2779530283277
9FRWRFKRXJKABYMKBIQALHRBOMHAOPXSNEDRAWV9LZTDZUKITAGDKALNVRHORJZTZJD9XAHEXMHMXWGO9;2779530283277
RINJTBRAXRHMAH9MNPRHEJENJTYTVXSZMZLDGDSWIRNYOQZLVHTQTDBCJGHECZXMKFLDMRLXZSEIVUNLA;2779530283277
FFKDTI9ZCC9FM9XWTCEUCZSMKHXYIFJUTEIKPDMD9TTFGUUJMTZUSJGYFPBMRQ9WNEFYOQYFGZYWCT9EY;2779530283277
RICRWMXDZKJBYQVXMXMOVEIECPHUVXFS9ADQRBHWTSZOIISAPUROFNOWCFHRASJELJXYV9KPNUTYNOOXW;2779530283277
IAT9VYXOXXJWGTGXFHVTYYBAPQVJQFHMJJV9JBEZ9MCDZSQIVFIIVZIRQFVMDZQWNWPLSQRKBKPWHMPGW;2779530283277
AHPNOVFXCO9ENVYTZINJVIDUUSSWZCXFBTQYGVFYFWEYRHQYVVQYU9EBSAAERMBXRSVRJROQVCSROYDUX;2779530283277
QNBVDPVWHFBEHPWSUBWZZFORGFFPOAGCXKHIYWMSLHTCQEDPCBS9SKKAFWJYJJUVNTVYOTCFUQNVBZJGD;2779530283277
VHMV99JYUD9BNMBCJI9A9TKGBCZDHJMEIFKPVMRZVUWGCCJLZUXIYF9SVPJUTMIKZPVEAQL9CEWBOQKW9;2779530283277
S9VCWTKNUZLIGISHEPPROYTXSHIINCIC9WKXZNIPZTSPUCEGJCAMTUQSB9OAPVM9EBHAV9APQJPI9RXAB;2779530283277
VTPKVTYHYLPWBWIOBVJKXWQYGSEWDAIVMHUHYPY9FEGTDZAHIVSSA9ASHHTHZUHCMUYCALEKSAEHYDHTD;2779530283277
GOGOPRNUHWJOQASWAHQWJKW9AMJAYBRUUXVPMHQJARSDEOTVEVVHKC9UOWYMFHKTMHMNSZYBCOSOLKLPW;2779530283277
FMXZLS9DZM9WUCDVLTKSXDFVI9EUOZXUVWSTMHSYGGFQLXQ9B9OUYG9PQIV9FTXR9QPSTHCIGXRELJLNW;2779530283277
IYP9HOTCPHBCGPBCOJQORRPTZQQSLVGTPPNOSXLNYBVARAQXWCKWZELLMIG9WUWHVFREOASAZ9RLFTJKY;2779530283277
EKXRXWPKFNAWRRLJJHNXPIJJH9EKKT9TOZK9JC9VJEERRBQI9OUNHTFWTGWNJGOODXSPTSMB9RJQZGCIB;2779530283277
IJ9OJCPMYBEVHGPRDJYUUOQ9OX9KDM99VAFJRFGKCMG9WJMZVQH9SEXMSVTXYSTOAHYNYVTKEZSYYWBE9;2779530283277
GMJS9NZBTGRQE9TXT9DC9AQRVLRDBRPBT9DDPMYOCXZVIYFVFDLKLBOARARHDPFKVCBBHFFPRQXKOTSID;2779530283277
UIBNUMLFJLWTPPEXBNMQDMWC9WJEAFNCXYYLBAONFFWH9QSVMKSQGZGCMCLPEAYPOFQMFICLZRXVSCSCC;2779530283277
HKCRN9YZHVXBQDWUOCNHQJCDFASSGTUE9NMVLOBVYJEHMXDXBGRQROQMKMK9FRRGLGRMIKJKYPJNKJJPD;2779530283277
IYKLJGLEMNNKOJTMXUDLZIJ9YDPAMGXXWYKYWLIYIMG9QPNGMNZYNFQSQA9UWZTRFAVKQA9JQPWEPAFL9;2779530283277
DQFSGBGCKRCHN9WXGGQXOHWDZEV9TDFSWCCYNLRCR9YQHHDNROMVJCJORJGSUTHPWRQNUDLQQZTWEHTAW;2779530283277
RCUQLUFLBITZFDKGKTIZHHNYICJRYVXEBFEJDYVLMECCBH9XVUQKMLYUUAZXXBPLZVSGZUG9NTGMEBSJ9;2779530283277
FLQNMDWZSRAHZJYHMUMYAWABKDRGWKK9WJPYJZQQOWDPJACLQKSCQSIFVYQ9BWQDMZID9YGXOYEXRSNWD;2779530283277
RCIVZLULCYEZWQOLXPDNNMZHQJDIHWSSSYIVHCKOC99NQEDJNWLUSMEHYVZCLSOKJPGPKDAB9SJUXYKXY;2779530283277
UVJMQOZZI9EONNFTGRYEUMMNXUZFNGSBLEGTIV9IOIIXCNCCGWNXKAVQBMCKQVLOMCATNKNONPWOSN9HW;2779530283277
MUQUDUNAJZPJVVJVWLSKNBUOQHTVVXTXUCWOMDVEGGIYKZOVNCGRYBSQGFC9NQIVGSEUUPOBZEZJ9AJQX;2779530283277
UGHMYQLFDQB9P9QAKIBJFTWX9LCUSVDLYCTOAZWOYEC9ZIRJIWPDREXCWNPAJMSNIGVTJHGYRJDBOKLRX;2779530283277
UOLFZWFYWVVGLBPOAVKSKEJMRTEFTKXPLSHOBXQIXMETBUIGVYGUIJKECWCOJCKPCXGKKIZBNTQZ9AGMB;2779530283277
ISWRQBVGRUBVIMTHPUYTRDGYZQWFQUWYEQEPX9TNDCNRRSTZWLOUGNZWHPZGTHWIWDWAVSMLVFIOEUNOD;2779530283277
HXYWWEHVBFPBOOBDWSXHCXFCGY9JNKQREXLIGVIWTUUR9AIXESWZTLWZREOF9JCZKNCHX9QGARVZ9ZLDW;2779530283277
GAWLP9IAGNVTQRBAQIBLHELYWUPCJIISGXHXABION9RZQEJUGKH9NNNKRPORVGZCCMZNTRGJUYICKOYHW;2779530283277
DDIFVBSHHRTBSZL9TVRFSRBWOXLSKWVGLIMSCTAIVSXAFYHJSX9QBSIYPEFQKEDGNBOFFXAAYEIRVHVZD;2779530283277
KUVVYWBWLNENVKHMLVZPJJJWAEQYBWM9FGDNMPGGKHTTECBMZIPLHEMHZQHAOEYTWCXIFPYIFGPWVC9QD;2779530283277
JAUVKGFZTVEJNBGRHLE9LAISKSFKKSSMGOQKNZHAJOS9SJFKWZU9CMNLIL99KPAHNUJACT9UEZRNKSUWD;2779530283277
FCPMDDANLHQC9MLEAZLCSWQVBSJA9VVTIMLOHATZHTJAESOGHQ9KYFZLTPEYXNXDHRXGVCNDIY9F9WOZD;2779530283277
LMHPNKYMCMEQNXRQPHYCKOGZ9YENUDFCRWOPYTBNLKWSCJAOANDRUXBSLGS9QDKXRMSQUDLYSDPSUAXFX;2779530283277
S9QBBFJEVGRKUSRJZWPXOVRBKLABVUABVOBMNEZJYCKYZETRBZMBLUOQOTTYXOIV9P9GXOUGFIDYZMTBW;2779530283277
FIXFNQUGPOAUIIGPGLIAGGBUHPTQNCAHVSXQPMQ9DV9YQSAGZESDCQCSGOHCVBJFROUUKJFBKTPDHMXXW;2779530283277
FQWR9B9VWGHVXAOQLCLEXQEAHXOZCJCLYNGDBEZAYKHGPXOCUVJOKDIIDREJIOEUJSFRCLUTSLUJBHTYA;2779530283277
CFFBU9ZPRRPCARDAFITXKHUAWHT9HLYMCKKJSQMOCLNDQWZALHJ9AMUESELCBOW9PY9FZDYOHPCRLAZOZ;2779530283277
XEDRA9SUQDESGGMNQBSGSEGLBS9ULP9MMTQELBGALUXBHKDAFUC9FZQYZUQDBNMHAASJXCYKICHKJLHQA;2779530283277
LIEQWJTPWCEANGSQINUPSZCKVXNNGEHZEY9RCV9LUHLUKDGARESGIXRWBONPZDEEHOBARPTVZKYGRU9F9;2779530283277
XMWAKZO9CDT99PTNRYPHAB9EUQNQQSG9ZTYUKGKTAP9NAWWAFSJERJLYDPUJUPEVRRRNJWI9ZRKMTQ9PA;2779530283277
NTQJ9OHFXMSNLSOCUEVZTDHLWPMAKYZSHMEFLRBOQBWLPYRVZIHKESW9GISDWEERQPANYZDTGSFLACKXZ;2779530283277
Y9BBSPORXAMQ9F9YFYWTU9VTTPPFGWEPXXLUPRSUR9NXXDKPYIHWBUPTMCLNUMKGPJJADYMJQCYVIANMD;2779530283277
SCVOFWGIBBOCG9VMNYBRBTXARDKLCODCIYRSFEGTERIXNXNYMWADZSLXKEMXTF99FIGROOQSAZJCVEDOX;2779530283277
DZUAAERLQ9XLIOCMTFPIOVIMUEA9EAJTUG9RHNSSGHAYJXPDXDLLGBRCVFIHIUIRSWJRXRKWKRINZ9TJA;2779530283277
YBVKTWWLIUGL9QOOTDASLFNHGCJPMAORPPPOWAUAJPYGESWBHFCUKSFJCZI9JLYYPMSSIDL9NGFTSM9DX;2779530283277
BYZPJDICQHE9AVXRGDYREUSU9BMYIJISKUTNIHRXKWX9LYVWPVEMEQXS9ECXHSUNOYEVWMMVJTE9TIKID;2779530283277
MAJMTHJ9YPHJJYIWUXZSBFHRPDHBSDRUEHANRAPAVK9TJLPFJKKTLBOIBEKYXDPIHLFSKKBYHTMOBAJIC;2779530283277
RMFNHJLBDPPUC9ZYWXAMEUFMOVMDGTKXJ9KKVLCRWQOOVBSQCMTXEQQMPIEPUJOLRMIOLEWLJLLBYI99D;2779530283277
ZD9DYUXFIKFQJXRCOCQGW9BLHIOYFBSQV9AVWVMWVNMKAORJ9MHBHEQADRCYWXGQCIBIPWMNPGSTGAVXW;2779530283277
PKDSDYCQOFHLRM9WZM9GLESYZYLWTGPGUQYNHQGSVQETLDELQTQRVKJHYNGZCNOLZTNOQFVSZAGG9SOJA;2779530283277
AYAGVTS9EULMEFEAVKEFDQXKZKTBZOI9GGBIWOXGTTBYAUSIRYNZ9JEKUTRBQWKQTEBXBFFUJJCUFQWFW;2779530283277
9JXKYPKWXAFNQTZRKHAALGZDAJQCPT9GFNQJHJFHNWAHXXMJIZRRGWXKZNWBOCXIA9FYNNRAOGVLOBAKW;2779530283277
MPRHWOFIDFENBXSEDDWZZKGOFYKWFONOMPREXFKRVOMIUTDXCOIBZA9GSPPSMEFRVQHMSOMELFQANESPW;2779530283277
VDAESHRSOICYAMJCWYXAFYNOFQXYOEPQJXQ9VBQHHBIJPKZNZYHVXYH9KESDCHGVU9YYBNQPLPGVFGEED;2779530283277
ESPHFPBHCLXTPSTMPMIYXVOPWON9QCWGFFEAKMRGIVSHZDXEAKQSIXSAHMGUNDLZRXULQEQOZQEFXXDMX;2779530283277
IOYIBOPMKZYQNHTBLQWBBMOKTGCGPNHPQSB9BSBZPPKPYMP9VE9N9ALBZKZJJJDDHUOSKNEMLCRP9SEOX;2779530283277
ANPTUL9PC9DDREDRIHTR9RTUAJNULJSUBQDFPHUWRH9HSSX9VJMGGDY9YGYOBLR9EWWFNU9QCKLELQQAY;2779530283277
VNWJFPMZALMHIWPEVMEYTKNLSCLFBAYVRXHBVBGPJSNCPMXRZIYVPIZNTDKRJSXIUTOGQSQVULYYCPSID;2779530283277
TEYSWMOVCKCWMSLYNBLVRNKW9JR9PVBHWITBSHDQ9NZETBTPUBEJXTXOYETA9VKPTGIYENA9MNLPUNWN9;2779530283277
DUCJIVXA9OLIYYUOOJZRFJOCYMYHTKFGC9OYDBIHVVKDQMWPORZVBDJWWWTTOJIV9XNZYEJHWYMCDLAZD;2779530283277
IYUPPTEKCUDJHHEVHUZQOSM9IADPOREWHAVQDZVJCKLEQVNHMTUVGNOCYKJVWDLT9ILQFWIJPMYZKHCWB;2779530283277
XQRHWHTCDPVDUUNPKYGYWJZEGOLZPEQQVWY9GOBIHLSJKBSPYLOQPUG9HWGCOJZGEWWIP9LEHOIDEEWUZ;2779530283277
ISDEADPUTUOMLQOODYLWHPFOAXWDYNYXMHNRTGFXEIYLL9KIDEVERHIXVNRKSBYRBCDTGQAKGZ9FNBSAZ;2779530283277
ITNJCLXDGG9GYUXRMREUJ9YWYNX9IEMTJFJPBNRLWLBLEOTJDHHXKVZSNAHQWXBRIWRRQYIUOINSPQMYA;2779530283277
OHQSLYDCEQ9KRDUIES9LUVQVUUPRZPRL9INBUOUSCQGDRKISCPZOAJJAESZGEYLZUDXOHKTJEUFZAAFLA;2779530283277
GYVXSLIEIOF9HGNRLFPBVJYFGECJJLOIPVASSASHXDFCQJFVQKVWDUYLLFHJXLDMQIWFPHEW9PICMCCUA;2779530283277
ZVIGSL9JJIFKBC9NDDLDRJCULVQO9RBYFLCODWSYZIEDGQDTJCJXNRYQNEDCSJMMGIXGNFLRUJFUTLPWD;2779530283277
AEK9PEEBKPGBPWCWZSMBNCTTTMPWKG9ALWPMLZHQOSAEZGWKSMURPKIWHYWMEPWCKTORXOSWVWBIY9KLW;2779530283277
9UWELFAJNALYCPJGZNMJVMEJETGALDDCMCNPD9GADH9VNXKUOSAW9KLBTVQINPWHHTNNNFOIDOHWUNOCZ;2779530283277
9PWIICTLRPSBUL99YMCATMZDCWGWKIRHKWELWGELGWXKDAILWJSDGXORNYFXTBKYUJVAFSSAZKAOFXZXB;2779530283277
LHYESCERTODTZPWNRGRGNYUKUSQEUHZWYSJPTXVPZWSGIUFRAYGUXUGMMSXQEDMIPQLDX9NFTSYT9WIAB;2779530283277
RMBNYSJ9EXMLHXIVLAUFPYFCZNL9INAHDAQLHFALKQTRSGC9BVXA9IZWSGCNBZFYAWMRKN9CVEAKYTX9X;2779530283277
VNCEFAMP9CSUJZBZHDBSFBAXRRTCVMLYYNZBOYWNBOOGUOQTZIDPIWXOWFQMTHMX9RQTJQQERONSEYKDC;2779530283277
MDMXSVOEENZRFD9ZXCPUHPLOOTSELMK9IFZMXSLFVZNT9SHEIQEKSLJSDZIVQPBJKZQDDZZKGBHQHQYYB;2779530283277
MDTXAEHMLIKID9OVEMRJHSB9FVKJYMZKIVUADOZDHTMUBLPJVIMLQOGBRXCSYTXY9DZSMNVTIML9QOZJC;2779530283277
GXRPIDLEIHGPGIJWROC9MCBTZYEVTO9NZOYWCXYGCTVG9STVIHCJWJOUFYAOBKYMT9RDCQNJBRNDWDQ9Y;2779530283277
OMPTHMPCV9MHMUGYRVSEM9I99MRWZZSWYZQXXJOLGHBBIOZDGLUXPRIVBUI9FEPUVYQXQSHOHEPJUZJAC;2779530283277
FDHVKPYPILILMTEHV9Q9NVJYVYSLYBUKXISEUPBMLGSZMPDJABVAHQHQGTCEGKGVDBPGAARDRLQHNZWJA;2779530283277
QKSXSZMPRXAUVFLYXWXJDJLLWGUD9EXVZWBPBGIUUIXSXSEMWLETBZRWYCQIZOJNRKAXXWSOZPQZTUPEZ;2779530283277
TNTSPLSVIULGVNEVCWKSULXMEYPHFDGUTPZVUHVLVJSLNHWWHSWHPHTIADSWYQHROG9ENOUIHDNJLZYSW;2779530283277
DXFNYYVAFEILV9ZCEESAPGPWMNTARGZLSRILZ9G9LHLMSHMYZMWGJZCTEPCQMMPTUOFIU9YNZWHFVSMYY;2779530283277
YSEXKK9SGVWRRK9ENQNNQKUDRZEGZSOJWUXIIVLFO9VDWKPOTARKJWZMMQQIOKZZULQIG9WJBQJRHDXID;2779530283277
XXUVYKPHELP9DIFIRFOZJDAEWJJKCITVYLGEADHMXILGGHODAFVWMDYBHSYKTYWBQILQ9ANGEKFIKKRF9;2779530283277
MXZQHXEOF9KMYNVFULAQMMLYMSFW9BTPPDRWHVDFU9UQXSXGFSNDRATUCPAMHEQDEDYDLECKWWDKDQWYX;2779530283277
RCU9WVARTUTNRTPLTDQBE9YLDCGXXZVKQGNGAOTYZNXQGXPMDJIWWL9OQXX9KWJSESTAWBNNVFOVCUKIA;2779530283277
RJXVMMZCGW9WAGBYXQEQXQEFBYWWTGMJJPWWTMBKINEFLVTVHWLFQECCGOBIHG9YAQYZT9HJJCBICWYV9;2779530283277
YVXUDZD9MERXYTMSH9AHTULNEFJFRW9LQKILEHRAPYGXDGWPQEK9BLGUWJBIEE9UTJZJIDJOFZDTVCPZ9;2779530283277
VQKLIDLJXBTKZNDRSMKBBBKFKYELUKBSLEQXOSXRGGRISZOZQC9WELZSFTBWOYAFRJFENWYBAJDWFMGEW;2779530283277
WA9E9KGGSCHLLLESKCITMUFXJQJJAMLQKOPQFLXTKJVYPHVIFFKYVZXHZSLYK9CUDEUVEUELGJEHLNMRZ;2779530283277
TWOLNYHETYCH9RQBYBMC9TPYRGNBTSFRVZOINMZMRHIWHGELNPTHTOUUCEGVZISHLDVGBORCDQATCNUEZ;2779530283277
K9XYCKMAFYQRCIHNOXQDICIEMEMCDD9RAFETXYGYMXKKWCKJGDNBHHUJFASKOAKUZGYFCDQYOOPSZYLFW;2779530283277
XUEVAMTQXAJZAVKZZEJWWGERMCVZMSRVMUVD9DP9WAPISHPQGJIGJTEIFK9LGRESTFTRHZHYRHLIBMN9D;2779530283277
XWTYMSCMCLJFSUVQIZZZV9ODF9JTFIWLNHYLDDBMOZABOZMQGJML9QAWJVPGOFS9XXLBPUOWUTWEZEQLX;2779530283277
RXGGWXCYTSPSGVYXLNNHW9AVJBGSCIOAVNPFXYMEWBXLCPJMHBJRWDRVFVBXCROTNJKZICQYYYNWBMVZW;2779530283277
9G9QERWROFWBWVYJJVGXVUBJXKKF9BQVEFHIVKIHZPHUMAOJJFCNDHZOYSQEXKGAVOZIREHCEWRZZUIJA;2779530283277
TLLDVWOAGEZCTFWITXBTBIMLXJQDKUULVLHQNKUYEXSMDYDDBVRIYUN9JY9HYPGASIMZR9DMYYUTUSXEA;2779530283277
JIVPOZFDDJLOVLQPONOGYUXMYJMRJIRPGTRJLXQBAHDTDWSGAYSNGPFUAUNLFHFCSTIUSFXJELXSLNR9Z;2779530283277
PZUVOKPY9URPVQYKPREPUHDTB9ASFSCMNYHQTOOITTHBTWMTKWXIFKCOYVBC9EGBVSRDRQEMKSOVN9RZW;2779530283277
WYGHRUCXMIOSGNOAWGP9FJRUGBNMZDDECBXJOGZJIVVUWSGJRRMSLMGNOPSNDKIFIVFGSWYHMYMVSZBDA;2779530283277
CD9HXQHWGLEWFROWXUDNVTGTVB9C9NYDKGYFALCKRHADPOZMAYGXDSJHVTTFNRAQXIEWFAMFWNUTTDPFA;2779530283277
SKAMOQ9VDTNJPRYXQARBVK9HIVMUCOSFBGANAJACMGHUCKXBNRVWXYZMWRVLDKRGMGUDOSO9A9BSHEWFD;2779530283277
MCSESOTBJOZGTEPTQVEUJYQTJNRBJIPTGYRWDFCRFOKEPVYCOUM9PXVSONARHDPLIQOZODIOCZMWGCZ9D;2779530283277
NS9NSCJCCRNEOSNBKEQGTPTGOIVEOYYDCU9IOYTFYFTNXZBSKPFHDNAMUIHBNJFKQHCAL9MZUMXBEYCGB;2779530283277
KMVPJQSPPLUJU9NZWUZVFBAGYZDQDRXNPF9EWRUHWIBYHWNCJRODJRKYUFJPEEJIBIFJFTPQBIVKYKENX;2779530283277
ZYCSKLCRH9CRJSEXDTEVKIXD99RDKJHIVC9XKAIXAFLVUPEONPJJCZWTTDVDWIERJCG9URJYJTAJKTIUZ;2779530283277
QFKUAOVIWGDKTOZSE9EUPSYHXKHNQP9JDFP9AO9PGETDN9YQUVPHTGGXYVFNKFLCWXMKKMXRVVGO9RNOW;2779530283277
QQHEMKPMLLIOFRADSWSDKIQ9XXOPKTXIOZJYJMTNABNZPYXCZUVESBIMPOAQDUIEZDFPEWNDHHPTQYBSW;2779530283277
ZZUPWZAXGDKRQXHWMCYLPMLJTFPI9SDQWNALHFCDLBFXRWZ9FMFPCJRGMMNMMI9QUYFAVRTDYVZYUTAQX;2779530283277
IXVWGJTOWVIDNI9XDLQJLCRSWHGSTLJBFLJNCTG9IZEIKIJUXUMXPIPXVVQIJFVOEXARSWKATNVY9FGCX;2779530283277
CKTRTCXZDJIWPDNGJMIRKPKCPCZUNFEXVOCDQHFYSKYHJTZDUPZKIGTBZODAXZXBMPAOWGDPCKCWEVIYA;2779530283277
9OEJXZCJVHEVUDYPABKBTUS9RY9ZTHGRZRJSAFGSYKCIGWNPBG9ARLXLFOFMUNLRK9AXAWSQNMITQNVZD;2779530283277
CDOHGATZNXMEJAAEGBHFQU9OQCNYBAQTTKDFZHMTD9GQQGTDO9RNXICK9IJLBNJNEKIG9MUICHDTCPGIC;2779530283277
UBSYPOWROGBUIUYCVNRAIINHKQBOUWUYFGZWFXSZJPFQREVNDYSHCSHJDSLCXCA9ERZJHDPLIRYPQPGYW;2779530283277
GJCNAGVMAGJRPHTIKZSZIORJXQXXUPIYNWQIJHI9YNRLBLUVPOWDXEENYCTPCIDFSARKBJ9AKWPQVSA9Z;2779530283277
UH9HGENAGPEYAPHKRVHMWEKBWBLM99MNHCOQWIMUVHLMWMLOYPIHRKEANNBDSWXPMLZTNG9IIAACRFNHW;2779530283277
XNITRMNYAFZKIVTDTQSHDKQLARVLRMAZCOUIWAJRQRMSNS9XRVTIDIQFTYPDDQEHPWCZPVRAUKLBASBKC;2779530283277
KSYGEICEEIMKDXMCVGFAUFOQTNSHADV9F9BREHZMAJBMLMQAEH9B9LPDTZQ9IQLOGWNDMQGSPREY9YQGC;2779530283277
QRTQNDYGRKUYPIVL9JUFBYJUOICQYTXYGIKAEEQLGCWNPLKCSPEZQGIDSLWDDSYMBEDTUIOGHHEANIPSW;2779530283277
YDUCHPTIOZKYFJBZPFIEQXTFEHOPSFKKJCGUKVJKRQNNFCZIMN9SLHQE9IFBYLVMJQWKJSJZCIZJPGBCC;2779530283277
HPAEOHTXXJEAPICNZJBY9ASFVELQMWXXEAOSMSKZ9BX9RJMDDXGEDGPR9LWZPMTHRDZQDWEEEJFJZ9LXW;2779530283277
KDNVMKY9MWSH9EZFDUAPFDSOCUEU9ZRN9UBBNUXXDORFLTRTKNWKZAN9E9OCEBYKWOD99JSSTMJHGFVVZ;2779530283277
QX9OZUBOEOINTYNFYLDOCEYPEZNDTRRGUVRFWJOLKGRQ9UEZWJWCIXALDDIZTAOC9YCDSMKUKVI9V9WGC;2779530283277
E9HYBBK9HASQQDIWECOVROTOOBPVSIHNUGFVNPNEUXXZQAPNKBBRRXYFEZOZMJUATEQMWBEQWLSKBAVPB;2779530283277
ZHIBWH9HEMKAKWLYMZ9EIXWYQOUPIHJRQFHCPESYEHXMZFDABXCIJIRHPHNFQDSOYNJ9TGXIANBYALDOX;2779530283277
KQPR9B9FBRSP9JEBQFJCAHLMPOH99TVIBELPERGQSJKIIFUQIUS99MYDWDATEPXOQSQSTSNFKVGJCGNHZ;2779530283277
YVFFJRT9TTZRTNAYRGCIPJBUFPDPRHTPOLMUNOZEMPEWLIMOPWEUWIPSDMBTEJEDYDRAZ9MQBRY9BEBHY;2779530283277
EVILFNLKDSLCJHKNH9HZQ9ATHMM9ZFPFIWPOVUES9SLVTEMQBNOFMGENKFVFUFEHGNPBTTCSQCSBTHBJC;2779530283277
FJRTTJOXOLNBTEUDBEWJGLAKANIZFJDOJSYZRKYDJDLJRLBLLAXSCJAIAAZZPSWDMKGBRQISDIZOFHOQX;2779530283277
WDSOPTWHDEYJZPWASNKQOCABDZRJUANKPJEMVGYXSOTDEDEGKWQQTFERDMAVOU9DVOUYKWQX9FWNLJUQW;2779530283277
LKYPYIMPE9WTRSGTMNZVQMVDZGSJRFWEBZRNM9GSTRGMCXMZWFVJNQHTIEDELVFIVCJ9OAEEOQABNEQHC;2779530283277
ZXPGRKKYQBJUXVXLBLHMXTGULBNNKEPXCPKVQIKQQDSAOJOXUOATRD9NEDKRFLQR9YHGVJXXSYUUNOIVZ;2779530283277
QKGCKWIKVRPRYTVNTLQIDFOZCHRJJIZKQJWYOFZNNCQANQJGLRKLCAVEHNCNVDYSRQHNFBRCFND9AWDIX;2779530283277
R9PRXDSGWWDHKUWLNMQVLXH9YRBOAGWTKEHAOGVMMIKOUDKNVCGNABDRVKXEHFINCVDB9METDWVJ9WI9W;2779530283277
MBFCGRWJFVCQEKLCSG9QZUYRZNZVSYSDOQVHTFXC9NGMLHX9EIXFDCJZZJOQQJDIKSTLAHYUYODJSWFDD;2779530283277
XSRTKBKNORHUOKUJZKNR9YIUPYGENYGGWIJNVKPPHKMCKNEY9PWGNSEEYNDAZNNXGJWIQJVETFEZFLRLX;2779530283277
OWJTNITPKBVBMZCTHFIARIJCZCTANSPIIEKD9UBFSTMSIXAYRDUPZPQWMYVKRFPLWYZR9IAUQAUVLZCPX;2779530283277
HWEH9ZPSDLQJGJJPRUSHQPJSCVCOBH9VLWXTSSMNLGQXTZPHINUHSIV9FXCCWKOBVRJGFBAJWUDCCFFH9;2779530283277
QVECHI9USMP99CEMQSOSSXSQUNLIQKRMCPEQPLOBKKJHMKGUYBPGNWKDDZKA9BBGDOZZDBFXGLFFIPGJ9;2779530283277
LMIQGUHOGEOGZHOCGQVYHTVTNELWGWKGRZQPOXNPKJYBFNB9BLOTVDZIJTXEQBJBWWHBJPHWNIGMAQ9AW;2779530283277
FHFEXCGUGEFNL9GLJGYAGEKFPCXXGANHNH9DXJTFD9AJU9WACBLMZJTJJUNKGAFFLDQ9ADGTGSALXMCMC;2779530283277
AERIRACLQMQCPBVWTJVT9IQHWNDNFUNKIJVCGQIKCONSKOSJMYYSWSAM9HMNZKKWPSKGKA9HLVPEEITAW;2779530283277
U9C9KXEOZYNMWZKAXEES9KBGJSQZUFSIAWJPHAPDTUHEZZI9TWMJEAUGRGVWRQIIXQPGNR9ZBCBSIQXCD;2779530283277
PIIIKODOTPIR9WACIUSMMVSXJUGGGMXONIMKGTUUNUVFOBIGLEL9FNYQCGXQZDGFZMXE9TJJVMTNJCZFD;2779530283277
TWGRNVMAF9JNELUXHLOFSGRQFZFYZJGCDCFJBQNEQNKBYXAVW9XAZXZOTWGNJ9DHQWBGWBXXJDCEBJGBX;2779530283277
BRMOIUQSNLIGLBOSQKSQLW9RHHUKSQSDWFNKGVJEAAKVNDSKEKIJTUBKWPFB9MZJAJFDJHRGTQGGRMDXZ;2779530283277
9FIKKKFXTUSTKNHQOECYCHSHIDYMYKRMALZMZUMADJTCWKOBXFYWBARVTGIEQDBOWCNNPMK9WERGYLBDC;2779530283277
W9JARLXWMPPSYANNPBXGAAPNUDGUUIIFLOZCAVMFNHIRFPHUHTCZEUHDEUTPNSOHOZYGZYJUFSUDCTPPD;2779530283277
MPSOZTGLWXSYRAANBKNMJJYONYL9AEGRRJHFSHTZILVKOGXBUL9JS9FHGSTZHJMJCRXZWGDWAHSNKHBVW;2779530283277
ULMPJZVBNXBMCEIWSEBZBL9QJZONWJQRAKNBOPQOYMMEMHW9GUPYTWQFWNQY9ONHLWTIXDXPMEZVMPSWW;2779530283277
DKPWZDUYKGCQPDLUSSSLNGDCPSIEBIOGORTAUFEJWFSXCZJMOXPMMTOIHT9HFWNMITOH9Z9VVRPIRUOHC;2779530283277
HGQM9GCYQERYDOLKMVEBH9UQV9OCVGHHOKXCWGWXBCVTUUSQANUJLMDHVFMHCRTXNSBDPXMM9VDBWEM9B;2779530283277
IMUOVKZYE9LHGRQPDVXTWGFSNLACSABLYHHEE9LMVWGQJCOKHJHSKT9HOKDGUTZGDLESLRIXUJAYGZWDX;2779530283277
KOTI9JQJCYOSENLYKEXNBPHNKBX9ASZRXNVBQSOATYJVCEJGP9NVZWIEQ9KZLVAFULDX99LPFQETVRJKZ;2779530283277
FSJITTTXLWFOUGPCMYVKNC9UBAJYXBNDBJWLDRQPXU9LGJEWRHEPOCWJITX9KAZXOXS9QSPKERGPPGKXC;2779530283277
QWQMTCJID9PXSZYIQPOVJPN9TCCZVAYINDLUAKHERI9ZDHYSJVMJDKVHVOBI9RFHSOAGFNEGUPMQHSXOC;2779530283277
OPLPHMNKZSZLZOLHKBP9PZEZKIEXFKRYDLOVKNCDUHACVYYKIJRRYHXOXCGUGEFRDCBOPUHGWSRWHQOWZ;2779530283277
SMAZBGBBMTBKSCXXEFUVYBHWREPQRFDLYDZSPNSGOKKDQPSRBZLRMAXHS9PNPADISASDM9GUIZRRCSUXW;2779530283277
ULVHIYFGFZQCVIREVPJSFRKPYOYUHCUIOYFBOKQIVJCHMVWBEJIHEOHTWUZQFWGTAKTSEVMQWJZRLRZB9;2779530283277
FCCQFETLBOPOSJJWRTDVKLLWNREXGOEGQUF9WXOFIXQAMSSJWNQQWTOPDGHFQGGFOUHHACQEWUDTREXHB;2779530283277
UYCGXTGXNLZO9EIMBNLW9AMJVEDBSYOUYVDCCEXZECUUZXLR9C99QHLXYGWTHGYJNVJLCAIIAWWMHNFBC;2779530283277
KQIJJJSSTKGGXJAHXAR9NQWOETRSBWXKBFOQSTIXTCKYWMZXNLBKBVDNXHPEKLGLUTZZEAVTEQBOBH9DC;2779530283277
XZQNPYVBGWBSJLQITQLFQRCABRLENTQFRRPCJVMUESOWGJI9HRNI9DBINGIQHTIAKVRRTDOUBYO9CMSSZ;2779530283277
ECRJNJAN9HV9PPQJTYGZKQGQXXQYO9UMJQUBABAMCVIDMDPCJCFJJENHXQZZQJCYMOWDONRLAJIOXSWPW;2779530283277
HKPT9MDXJWTHA9XR9YQOIQCX9C9OBGJJ9MOWJEJSVKSVCRSSFYWWSAGYNIWRYTVAL9LIPJBXTBUSYNMTY;2779530283277
VQQWIROGHQSLXXCWUXHTZKRCS9WUQVWDNELGCDOJTOPNRTNKIRXM9SLFXAGQIWGGONXF9PNYSVLOOFJLW;2779530283277
EQPVDANJUXWYDSDOMIRCB9DLXAFLGAGLCRDLNBPPVNHCWWVMIODHPIHFKVSYNMAARRTJQ9ZMZOFAJZ9QW;2779530283277
HABYSWJDUUMYVLHJIGIKSXWZDIODRCQ9IIZTZTHBDXQQDAWAOTWROMCLROAE9YS9DYCMGFW9VORMQIVOB;2779530283277
ASJZ9CIWBGNJVUHNMWMBRZQQMPOXXIHKOEQFCIQBPOOXLHZR9DJKFTCMGDCIGHU9YQWI9H9TDWZLZBOKZ;2779530283277
ERKERAHGIPMRPYQJMTBREOYHVZOGMPLVDPYVLMVAGDZUKIWCBHAALBVPRCDVBJSWYJXXLHVCJOVGLGLAA;2779530283277
G9NCAXJA9O9AXSSGKABMKQLUZOGGGIEMVYJ9SKCCCSKDWVIEYTJBOFYFZTEYCMQONFPMTGVHOJMCOYOQA;2779530283277
AYVYFXSSVGDGWZQGFYKE9WSLPZQASCCNCFZLFZDCIABJVZSWNOSRSWSYJSGAG9QZICXADYTYORZZDOWUZ;2779530283277
YEEILK9LGIIADSSDFZXLSIMAISSFUZSVBIMIKTTUUBOBOXVRZPUP9DVJRHPNIXNIBGLY9EQCULBCJBOWY;2779530283277
ULDWWKJ9NOSFUUSUJYKMVTYGF9OMFQVL9BOOTHCMHBTYGUCYTKPAPYJBHSUKIOQV9HSIEWFXFRNJKOJMY;2779530283277
EDTSFRCXVIBVTDNKVNCYTTNMPSPRTBHY9QQWFSMM9YFFWCDCSXUZMNMNROYJEOLTEGTGOIMHZVJRNIEUC;2779530283277
HGLRNFELYCYVFPYAIOSTS9OZDCBBKPBQTG9OXBUTLLCVRNMZRNLZZUYQTEMMVZNWPE9BKHBG9DWGVQI9Z;2779530283277
PFFPBREREDOYBNHFGNEZ9NNSFTHNNEY9ORQROJFYUIEOEXEBTBZKS9CJILYEFSBXLOKHRGMDPXZU9MNVA;2779530283277
GATLNIDISZCNOBJRKEMZGCMZDZBGCVDNLZLXSTYVLSGSKMZWVUIWLLJSJSDORHCMQLZKHWTADVIBSOUR9;2779530283277
RLHWMQVZVNZRKKVWOXDSQJFRPQSUSGHMMMHCAQWJWQMXAEFEXQROTHBOPLVNEFO9ADYSYWPNUASSYJYMA;2779530283277
VJQQRTZEW9ZQHQZSJUWBZTNC99CMHBTRFMTVAQYWEHPNHNUTDOVWAUYIRDITASKYSGTDVIIFBVKFVANFD;2779530283277
TNYIVNLGSOKBPXP9QBENBGIBKKY9FLKITVDGVQK9MSMCLBRZQSPHTSRBQXFMGQVWMDVUPRBR9EHSBLIEW;2779530283277
JWXCVYRCSHWDKXFRTIPKGHSEUQXEDXILLTCF9UUWCTHWWIYHZYG9CDNCBCCEGJLUGLFUK9PLY9UHR9AQC;2779530283277
GDMBLVZURKZQFUOQKRCFXFUEPAEDQQMNIKIPXLA9QJBMRURSOIURMGQBZWCKELVQZKWUGY9BHLWGTBBKB;2779530283277
SKMLZ9XDNRPRQYEJU9ZQHRLL9DEVMRZDVWUXGSPOKMANDRIYBNZLWOALOCBYAOQHLBCXDDMFJMZHIYVAZ;2779530283277
BTWIFWZNOJEBCKVUPUYJHCNWGSLGRSRFGKOWLEEZCLYGUPELYXEAOZWSGFRZOUDYSYILNHX9NLU9DAXPD;2779530283277
VDUDPVDYTCX9DSRDA9SL9LQP9OAZIVT9IEJAGLRZGYNEQCPRWRGAJNLASTHIJ9Z9YMYLMQWRSRTVHCRMC;2779530283277
QCNCAKFKJMVBQRFM9IAOYJAEFDN9LECLVIRJJNQWJBEOIJKZJP99ETTLVMUQPHHJGWXUMEJBZUCTBCSWD;2779530283277
CYRNYCGNSVDYFKVIHKCSJZQGBJGCZEKKXWZPNEDXLMDHTYJWRQQVDTZJEGHGXGXHUEEOSBXULCIVHTXLA;2779530283277
NWIZGTYAUWYEAWYCPDJWXMWYCB9N9ELNW9NYQOFKNZXXUKVSKOQMWGOTULHYSAYPRKFNUAOKLCSRNN9D9;2779530283277
PKKKJRBUTOSUMMAUKTQGYRCPFAYYWEAILBDCGUUUKV9BZTGLVXIQGVC9HQJYCFDHBSHQWADHTHTLMEPHW;2779530283277
ZKKQEHGUAADNFZPEBKPPSLRYJCHLMUSNPJK9PRPVJMPGMSGXYWBPZBVLG9T9LUMQMBZFSNYHOXTFVIGNW;2779530283277
VWYELHXDWGRSGCZYRLEJBRVZYZNWPGAHIFVAFEPVEOUBTUEXRXFYELVTQXYZZDX9UAOPHOVVGRMFEPJVB;2779530283277
QEHLNQWFY9ALNJMEVCLLXYE9FYCEACUTJTPH9T9LIHBRHVANHUMVLQU9NXAHNOZHYQAQIPSUMESBUOLSW;2779530283277
QGLDCO9DNMUZV9MRWDEDAPSHNJZKPSGF9JPDNJSASYNJOZSXSGUQLEPBLDWUDTRHYSYYCCIJIXBZCZYRW;2779530283277
ORCLDWGAAMNNKTHXDNBPIJMACTLMSLAGBOTFJWBWNGRGMQDWPFSXMUD9NWLUCYEDHEYAKEQDOGMBWXKFD;2779530283277
PNXHXHNPYV9OIVQAKU9O9LTIEWQWPVYPLHRZYGKRRU9YYSLKFCNRHLGS9YOGFTLGMUVCCKPWWYFTWPEIA;2779530283277
YGXSXOLBDBYWRHRXBHJPWDXWWGFLMXZBMWZUKXHIBVMRNPHDVZUHKJUVFSFQQQBIOHZOBEXOEAHCI9NIA;2779530283277
ITJTCKQLBTAUTCKEDYUHIYZTMRWMPTOJVKYWBRNVHJEYPHKXZTRTVPHPZIHKKEWTRPZIUSENWJAHNWOEC;2779530283277
UNFYTNJPCEWKAKFQAW9MY9ZTSYOPOONOTBSRXFPLTYGKGIDVWDRHMIYVNHVAHPIHSOWLE9YRAWTPISRLW;2779530283277
LYODELX9EKDHLVTRUUETRIOYMHLGOMDLXDZ9HKEPLXGZWXZIQHIRIZDLXHAFF9MIRFBWCJXCNQPHJUAEB;2779530283277
ZOOMQLLEVNZJMSQKPZU9WPJCNLFUKUWKGNLAYCNDBWZTJGEPKBHFFNXJUTPKZPQJVAFUCPVYXFJMBRTRY;2779530283277
ZLJIPXMZICDGUGZSKJZOMYAFBBHIKUMWWQZMNEYOHRGGBXEQQPOCAFLEIXVNGHZBVKNACTUPXVEJHZWRY;2779530283277
YBWLDMAGILHGGBVXVXHGSDUTTWSRPAFMZYIZZRTSSZGMIVHMJWTUYPDYOBGZOEOFIUWW9JOBVQRLNLMIW;2779530283277
QMUPKWOOPXUHTZGJX9LLUX99MNIDRCDNTROLTBKXZGX9FGUYGUKXMUKHPMDTVUBTAVLJQVTJCYFSIBIAW;2779530283277
FNWVTFTHNXAMHCWDDLUWHFY9NPWQXUWNUKFNKCYYJDEDFLUXFH9PCBCPPMMKGCIBHBWTNFAIOAWATXSCW;2779530283277
HEPLCAARYFNNFWJRNCJEXNQPWDR9BJPZBNU9ZOIXNYXFZBMUYVSGJMAJUTJWJXIOVRKSPYPGCDVKWQYT9;2779530283277
UZDNCAXKCLGYVRNJWCZ9JBEWH9UGUQXDCDPXRRBMNIKAINASA9IOZYEVURIXMVYXRQLIEPVVNMGJWEMIB;2779530283277
SENLTHLFU9OLJADJJJXWDDHREALJEUSEABEVTFEQSAVDWHGBCWSOHPPCMIFY9ZJHVIRHEVGIAVFMFWFHW;2779530283277
DWRJCWDCIDFYXJJPBBERUJBFCBHCYXGNMBBETHKILLRSZTTFFFYRYXXBLCYSE9XEHMKQUJE9BDWF9ZDOD;2779530283277
TNEQYGMBHDLXLTMAVOWZYKJLWNEJEAANXBTVKNSPMKAVHPLLEXPXJTLDRGVPF9YTMRPKO9DEPSUORBWEZ;2779530283277
BWTQIE9GB9EYPACELVQP9NAZHCWUHYXWZVPUEGYSQGFNITBQWWXPTAVMGHS9FRSABLKQIMEMONYBFUWCY;2779530283277
WKTDUHDHKUTJVCBNBYZSLJNXDAIJKXSWKRUPIKQXUEWCBEVXMWUECKWQHFPXUTHLEXDTHYEYVCPDMRFHD;2779530283277
NDJUVKELZZRIKCGVAKVNZMSEMWWWYKGMCTNUCTINRVMTSUZKGKDKMMRERF9BJUPEGOQIOIEUOFPTNURQX;2779530283277
ZWULLWXZZPFMPRDHRBRQOZEJMXWMNEBOVYNMOTMPVGMMIEGLXBHKIIORNWVXNRFHWMOKRSHDDSWROYSSC;2779530283277
SJPXBPRSVJAZULSTK9AZIVSFQAHVLXFQLNTZWWDAPETTDG9MPJNFJM9FGXJGCZNO9KS9ZKBRMGQGJLEGB;2779530283277
MEWOERSMNPCIXYCWVGZL9DN9VRAGXGDB9XOGUNEWL9VDEPGMKDKY9UGGRZ9RC9WQHJZAQ9PFT9THPDRYY;2779530283277
WNKWCDXIRUHXBEGOWBRK9EASQVSEKQQEMRATZOVUYHFV9HNL9CGBZMMLFNGUAHNKUAJZJJUWACPL9ZLMB;2779530283277
IHENHYPSOAOTQCJXDXHJODTXDD9R9WRLJLRFAILVSWZHDNOOGGQCXHURILHHGZUWMJPSRHNSWRTXPVLPX;2779530283277
99RAMSGJYVO9AZDKXDQLJRIEQ9HGMFC9XIMSMGBAXTMBXLLMUIEWXW99TKRWT9STXXARKCHUCFXRYLFXX;2779530283277
ZHSHGSYRUDLKVVJIYDFTIAZ9BUFWKGPJ9OCQA9CGZUXVDMDUDEBKSMEUUEQFXQUIRWQKBGHUOYECQURPX;2779530283277
NO9JQWJCSLDK9PRJC9TGKVEAECFVUGLHPGJLVPXALPZFHBGVMPSHDQIQSADM9NSLVFQSZCDPTGOGMUPGD;2779530283277
ROWLZIJCGQQLVSMDJUSTAUYUWSQBAPIOSDLJHMZFJXQ9JKSVHIOSW9KNIOKYMG9OVQQBEIOKDGQIWPGDY;2779530283277
XQUSYFDDUAABGUSKMDERRAMT9GDFCDDNE9DNAAWOZUC9SFPRTENUTPCXKJYDQHGUD9XBMSF9LQALKWLKD;2779530283277
MTCUDNLWCSKHOUBHGHUDVOJAOECOLIAKBKZLJRZRGLSCZAB9WTZB9BLIFVVUMIQKXWZJH9YIJDRRWGNH9;2779530283277
AMDLYBGBEKZRFEQ9VPKWQOJYV9BI9QPPTGXEHTEVYSLWDSTFBLPKOPLAGFIBRJBFLNFKXIGYHCSBTR9O9;2779530283277
UGCYKAXHZDCGRHR9VAQNIZCMGHPYVDPJVHRSIPU9IQZJOIOBKERSSLNPJUUKNXKLAVUX9WBFRYWTHWMRZ;2779530283277
VIXIFFQOPSDDDTRWAFSAX9SNYNLUCDPNXKOGRQRIXIXEVIGLJBDXQ9LQVGQPUFPE9JBHGRAHJRUIVNDAD;2779530283277
QXR9DIFXZHTJOBHUW9SABABXXPLOVQESKTAY9PEOYDWGRYTJGNTVYQFBUJJSXYW9SABEQHAGENLSYUEKW;2779530283277
RVEQHMGJNRTZPPTOTMWKYGTOQYS9QWSRNCXZITNPXKXMUEDODJGKLHHJGHDFUGPXUDMPVGRFUVXDPOJRB;2779530283277
PBNSKJQKVPWHJNATWKCJUKUXD9TZIZFINFOOZTAIMDJOTPMXPCNS9SAWQATOFDOVFKVBPLAMDFX9Z9LFW;2779530283277
JG9SBVOB9IWPBJWFTKLNIJXWWXOESKOTCSZSVXNMVNJXALZGWWDZBXKRTFWPWABOOVRTMUZCICNHFTRZZ;2779530283277
YSRYPOWB9KWHZ9FSSUEE9KLVISKBNMNVDSLHTPTPKASZMLLRTU9FHXYQQJYQBRULJJJSVJWSXWVWYLFUZ;2779530283277
LNMIXCPJIVY9FUWYPQYFCLI9PWNWYGT9HVWUZU9NDOQSDBDNNWLCG9ODXMKZAV9UWKFRMUZKOEMYAJFKC;2779530283277
QOQZPLZVOSSETVMRBURBH9ADKGFDABNQCWRQECFKFNVZGP9NOFFTSRGIQKOYNEEU9JJZXQNYTVYU9VUIW;2779530283277
CKAEDXBXQTECEE9MXDWINIYSFULBGLXKJOTRQHUCBUZTPMVJEACCRRZJ9XBSUGSHJWKF9EFHUEVUSDYAZ;2779530283277
DILDLHIK9XLEMPGRBUUZ9QLG9ZXJZYJWHJBORNZZZIEGCSSBODLFC9SYWE9P9TRKSNEEJPB9NUOHTDTLB;2779530283277
MMMRFAZWNEHQWJWLYHFNNYWZWJFSZOWTNNVPIHVVUCWJZPMLDSK9QUBAPLSZGWVLOGAARIQPZPAQRKIHY;2779530283277
CNCIUL9OT9AHUOYDLWQQEGOWRWRKGJIUQKNDPGPIGDR9RISWXUMOCKFIDEPDUJXMDNRVQOGQDLVWOOBB9;2779530283277
USOSCFXKC9VGYRRLGZL9XQHGZZQECJVMSJYWG9IZI9VQLZOOJFWZOIPHIRSWJSM9PSOXRKYBYYTFQWDR9;2779530283277
BDBTPYMCDLUJYSXFZOSJCOIG9CIDJAIGJLVKNGFKMLTFYROWDVGRKAATXKHLOT9TSDVVLNYZLOLIMFEEC;2779530283277
USXFMVVOHTCQMZIKJZ9WO9VWCOBHGDXXCVGOGNSLQSCWBKQOKBDQ9WDOWWRDCEAYLQAULSPOMXUFOAPSB;2779530283277
SXJRWZDTLTBNR9DXRZKYEUXDXUZPBUNPPAK9TVTIXHCJLC9GCXJJLUYCOPYZBYSVJOEDEWK9IBOZFOUJD;2779530283277
LPUCSURJQVIYNWXVGDLNZRIBLQVVZFUPDLVMQKUZMLTXHIO9BKAALSZRJ9RXATQPECXVLJRDGIJO9LIOD;2779530283277
MUUETHXNYISZXTWMPFVYKFEZZWVVEFSZAK9EKBNNAGRUDO9CXLANKKFXCGDW9FSPPBFVOZQFDRDXZMXWC;2779530283277
YCCMSWGZCWKHVIDHCXFMQIFKIGSUBNASSROXNWMAUVASNMFFYDRXGSFKPIAUICMYNOSBWZPAUXENAROPC;2779530283277
UGYQJFPMROZOSHWJXLFFEHJMRSWQGTXPGCUYOFVLGFCFXXLGARZLODUMZURDXEEFNPXXMBAQFKVLHARBA;2779530283277
AZZFRFNZRYVNYUDHPHSWNCL9RJRRFRZFZCZLJHHWDCVOZMBJXGKAWVIUXXDBMJLLNZCZOKFBVQJIOWDYC;2779530283277
TGQLGIVGFMOIBBXOLCZNJGDFJAAJQRMQAVVKESAVOOYX9XIDCBOXEZIEJDQCILZZIOZ9VTKEPQLQXJAJD;2779530283277
WOVWBDIFHPOHWOFKJ9JL9BYOERBH9AZHKWCZQXEENLST9RVEBTPIDOLABNOQJXXMYXHHBIRINGUMDVGVB;2779530283277
QOGYUTVIKMVFQOOLAWEKZIRDFNVSLAVFORNFZNWL9CIKILEJQMFPGAOQ9HKEXDTOWEXPTZZHLOOUDPCJB;2779530283277
R9BQUZWWKQ9UKFPWULSMZGEKIYSC9WBHFFOQHMEUC9LMEVYPJJNGKYDW9NTPPEAMOTOAYATQUMSR9U9LW;2779530283277
ZHSMEEQXWHDAXREGXQZZKHJJHEONWWUMXGRBQOTENVNNVUCPZYDDXLDSWEFXOLXUOYDXRWWSTBTYTOUCC;2779530283277
FYMQFPURKM9IBTIACOGVIJIXJDIZGLME9MONTXEALOZBOAINPMYQGEIOEJBIF9JYHOKKGSUAZTJCICOGC;2779530283277
VU9KWJHLQTVGQUEYC9HLYSTVLIITWAPOQAEMNFTXVXSSLPFYHJZEEPLRFUEKZRHOVZWLYUBPQH9KRRUFC;2779530283277
9LQKWVGCZUZWKZEQOZVZJUKUSZYDTDNXACPJVIGDCOBMBRJYRCBYGEAQPJRBSXTDPDVVQFF9LQPJ9DAEB;2779530283277
KRFAXYC9GYOGD9SXKIPNCYYNZCHBNDRDZPHEVPZDJWWOHJHLOOHHGRFCJMQOLLTZNYEJFDWTAFUT9R9WA;2779530283277
ZZDOLZOEVGOEITCXTQQMISMEUDDFIJFLDJGTRTTWVYQH9MJQQXLVEENNNPPMMKSQCPOFSCJIGLXQN9KZX;2779530283277
AHCCBZIFZXHQYHLSRHPPPRYQRPNCAI9MRUFRGRZLOZEOYZU9PE9GSSEJLDEHXPJQT9GLVKXLT9HBHUS9D;2779530283277
PM9LKRVPOJTAAKELCECNBRAICLVEQGBGRGIZAGMIZVYIZDIVCSHPWHRAVDYXOURGBUZBEHRGLKQOWWJFD;2779530283277
IZQZSZOQ99VBYUHHGTUEKLAXGBXNUKBILWSZJUYZSKWMCPARPZVEDQN9WJWPHUTLNKZKRNXPSSYLW9FUW;2779530283277
IBVYXRTD9NJ9JYSAFTKYCMHXCXGMPH9WHE9LFPFSPZRWABGPLLKLPWAGOAVNOVFXWLQLQFEODLGJNPRZW;2779530283277
RHWVBBIPA9M9GZZ9RAPXBWLRLYV9YUMXNPITHUMLUBLFEGAUCUOEWEDKVBIXRBWO9NOUZBJWMUNNWHFS9;2779530283277
QQOKVTSQ9ZMLRDKMBDNBNKFZXGTYIGBKSBNXKKMCXNBJNDQVRBAFNEP9MRGCCJMOMSRSBFUHJNUDVGOHZ;2779530283277
TPDHBXLNBKTMHVMEEAFYMCDDUUSTN9YJQYFRSGHVPBTU9GHYWH9SKJJXUXGDCNWUBJWSTGKMBM9Y9LOQA;2779530283277
VAUMSFZKWTZAHJSPBN9ODHQYDEISZMSGUGWRMIIVXNUHDFHFJYFLDDXIKJKRNOFPCWIWWJNKEONUTCYMW;2779530283277
KWKIYDIM9JF9XCTKQTQBOXWRHAKSMNFFPRNKVOXMIXZQAYVLMABDTBTXNKMQ9DFZHTCDUAEKAPIDVITCW;2779530283277
VEVDM9GJ9EUDLRPZNTOYW9QKUSASNUXQSAKNQIUBIVP9CVMDSRRDUGCMMYRGVUNWFJYCSBFYCCJTTOPMY;2779530283277
AT9WXQW9TUQPEZMZMFCLZUKDWLAPOTJZZRPJMZWFMZFZLFSDOOKYGLZTSX9PYPBZQWOHJTQZSJDJHCLWW;2779530283277
BQE9VIAMBLTVTBCENSCIAVPRRQVHPXZCFEV9TPQZ9JSOWTFUAWTEQUVHXSRUDYVLZODWNNTNIDDDGTJUD;2779530283277
SYNPSMYMRSXUHWXDGHTHGINYFHBIHIFIQKUSZIKJLEYBDKQEZEEPCYRHNIVGUXBCUSKMOEESK99GMGCCZ;2779530283277
AB9VAZOKWMXEZU9XLRRCSOUXACV9KTOISAUGZFQGHVU9RPRXPIB9ONPEEVYCZU99TBPFNVF9GXRRHZETC;2779530283277
YOWOYELFDIVFDSWCFDMTOVPRLJXXYKPWRUPLNUOECGCNFDAXEIWNWFTXMNBBH9EF9XHFGBRNQMCVWADAA;2779530283277
CXXSTUQWIJNFCZNEWUFUWEJZNPPYUGEVKKHRJDF9MMPFFCAYGCBEIOA9RPAFDWFWPUGBCKDCGTO9A9OAZ;2779530283277
PAIUVCDVGHEXDLKFAWFRDERTJKS9M9FSYQMZTBKR9LKEFY9VGWQTZLYPMIBHDKJUSWFDMJZSHQOSPGJKD;2779530283277
JGUHUDHXCJXKBITIFZ9YRSWJOMZEOTKPNIGIHUASQCMNPEQKMHVDQHKTTCKYYDOXXANCLWIKJ9TQKMJUX;2779530283277
VS9FQXGBU9UGDLPBTHKHN9XTODEZDPPALGBCWFSNHKRZQOI9F9EFNAGKLDCDIMQAXUSYMJIPFXLXGBSJW;2779530283277
TAORFKLQJBMUKELYBFPJILYUQHDHHLZPTUXIRRWCXJOCTFGWTHPLH9GZLMBVKYDKOVASIZQLESFWXOSSD;2779530283277
WGSMSDZMMRBSBORQ9SGXXHKNAQRJGGVHSRRTMAXGAPQOW9LNFXLIFZYM9HVDVNJSKTECOQSRVTXMZZWJW;2779530283277
PZVCTZNNEETJJAPV9M9YJGGNSXXSKOLIXGGXXNXEGRFIKUDO9EQGTJIQPZLMQ9RCZDEVZWRUE9FTLONTW;2779530283277
HPRGQGUOIXAPQYNJ9YOSZOB9FGDARBADHW9PMNVDZBSCAKEL9ITQGZVQMPKQGAZYN9JCQTFXBEAXBVBNZ;2779530283277
YGBCJSGSOSQQVVNUCKOVJZVAGHWYRPNYMALXDDJFJPDDAMQRCKYRWNTIRQXRDHKFVTDAY9GDPSIWTVPPC;2779530283277
RVJPMSYANIEHRV9EWF9ELFXHUCFAHITJQWCBHC9VPLVMHSRSXUCJVEWDUD9BMCCMTYEOXBHNGZVLNPKBD;2779530283277
OMOTE9NDUPSXZBHZADCKKCTVJXBXPFIGG9XQSHQPJFWEUEYCSJH9GZF9FIDOOLDDJVZIJRVYPUHFFUUOZ;2779530283277
9ZV9OGAIPAEURMCBLLZ9FPVPYCETHNZRLJJSJPHHIBC9SZEVUXHGZOE9KGACSUCGHJLSBGZMVEVHQE9UY;2779530283277
XKPDZDOKCOLITHBXTVNTGTEHMWCGPOBPSZUXPCARKTWCZGRWHQDRS9JSAUMOEM9YVNDZGSMVJFNXABBCX;2779530283277
9FUDHDNCUKSFLWFVLCWRMVWADSOHNM9NRQUFSBIU9AWHKIBMGUQUVRQ9SR9GIKOFTAMJK9NBTJ9QJCNJD;2779530283277
KPDTTYNEKIRICQFNJNAXXOCENTQICKNRHAAMWKXSLPXDQFE9VQZGDAKQXPOJTVVWEOWOBEMFIQHJPJAUC;2779530283277
ZFRJAIORS9JZQCCNPRWDONGNVIGHHOFBVDFIGPPJQNHFJDQKZJNGUGSDIOHNFYFSNEFQDHDUCPLOFYFSD;2779530283277
ONKLOYXIQCR9KBIGXIKUKXSURUBEIVLWBABWAPWWDYTGEZ9YEGJFNHXHQPOFQRPNNXALLKZUCWETQCMXD;2779530283277
CFXFNWOLQPRV99T9VIAZMICGJJURVXCXBWKFRCAIHZFELDN9CIZXNFJUCYXMBPNWTAULUPMUWMCYSTJTA;2779530283277
NLZCEISF9TQWNAQG9UILISWKCJIG9SLDU9SEESAQRZEILZPKCXOOBBMDTWZRMMMEDWDMSGLMDMGUOEVLA;2779530283277
SDFQKXRAPV9MCDXDIRQNLILWV9QJLSHFLUHVWIBUACFDASVEZDMB9XL9WCMKRSHSCPGWEARPHUUXQWEZY;2779530283277
KEXZAHDTEMYGXCLU9ZPMWPHFPGZDZITWDFQFCGDJLKJGIMDKWAMYIOYOHBOODKGMGSORGT9LY9FOZDKHW;2779530283277
IIHBNGFTSERCWNOPTYAURMHHZRQKLVVJYSJXKZMUEALDSQQOMSCYNJVVDPNTEVCOYQQB9SACTZIFUSVJ9;2779530283277
OXBRZXPW9HXEBLCBLABWWTWX9SJBEADZLWET9SVESJZGFMEOQ9LSYBUHZNTZZYJGWDGBLMEEI9IRXFJRW;2779530283277
RJLUMMHGQRDADKAYKP9IPTSBTWOOMGCFSNRYXWFEUINBXFHYWG9TWEHNZMLRFLOZM9PCZRSDKWVDFYAGC;2779530283277
PVKJQQJLRRYA9QFGWMMBUCWVCLDECPEGKQLWSDQYHFPQZUXFXQHEOKYXGDIKTMZXUTHPJHHDTF9CKOSGW;2779530283277
DZXMVIXJBFT99SHFRZMXWORFC9DHHHASJ9LWYGJHRDVSHOMTUKRDTLPAVRLXUKUYDXMRHRNZZMZGFTQCW;2779530283277
XMNGWMYUTPYNNQXRCDLGARTIFKZILQUXSEH9ZBJMMQGAWDBWCOODVVDXTVNINFWXOKXEBSBKRNMKFQNQW;2779530283277
OVBRKCSYGLUBUPH9DNNOEF9U9FRWXEICWLNCGHBQNUMKIFMXAVDGNIQGGNBANUBIBLWNALNUVQWLJQCXB;2779530283277
MBNSTMBQTBRJFKVUPBODOAEFVXKPS9GWEWJGVUHVLMPRHMQJWRRBUE9ZJEFNACZDTLCBNJEBJKHXGKYIC;2779530283277
LKCQWIRMRSXDCSUKNTKLMXCTQEMTY9HUZ9ICXVOBJOAHBFIIIS9QBUIFCLEN9UODDNXYXXEUJYPAOVJ9C;2779530283277
EWQEMDEV9MGMWRKKHUMNHNWPCOOOZDJZZPDDPOZUMOKINIJIS9IUTQITUSYMDSUFTAIQKVV9HPWBPNPQX;2779530283277
ATAHTAFNECLSEUCDVMGCFDP9MCZTUNIGVMQGL9FXJIPOASCRTZPKLACMIAYCAIMGSUIH9LCPJZFMFSHZB;2779530283277
LMMYWDRBCJWAVEK9RUFJOJMXJEAWQXJSVZZYHXFQUSGIVKVDC9ARISWKAIAEWXTISM9CQGADE9TQDSEIZ;2779530283277
UBGSA9OGNNSJGEZYMQSVHDTNDIQCGXGZWGZRNHFENYJXMHUJRHZKJGLPREDQVPAGKAVIRUWURFTLYVZWD;2779530283277
9ZIIWOICVUOZRKAWHQLMCCOZYXEQFYBR9NTZL9EVMQBAPEVYMSOWACHLWUTNLOGSGCIHOLYNTWWGLZVZW;2779530283277
ODKMCCDCSFZT9L9WOPESUXGKKUHWILUITHUC9CFE99R9IKPDT99QOLDWZQRLTRBVOQMZQMJVIDZAUMCLC;2779530283277
LWWIFAIQWG9AYPSRQCATZNPOSLQGVQQJFDTKHYSTXTHJXELPUWFLRK9YYKBCAXJLWU9APZGLYTQPRPUDB;2779530283277
XNYPJUOJWPUSBKHJXXEYGFEOMGHVFFZIKNBXJAWPNFXBFRBVQCNLHFS9BCOIUTETBEVDRBFUSVKRJOROW;2779530283277
YKWHXIAXFTGUAEJA99HBJSRKCIWHXPFYEDMQMGPTSJFHJEHMA9PQQAUZGROZASDRIHGTCTCU9QJHKKJSY;2779530283277
DDR9AWPYONMPJWOTBMRIY9HE9V9UBRRDMKIPIGVSJNSTXM9YBUFKVAEQAEFKOR9BPFWLHHHHCQFQW9JVA;2779530283277
DDEINSWTNMBQADX9VQGSNQXGPQBHSPYBEQZNN9B9UOYKTJAQOFZFDRHPSUATBNUOTPRBOHJJFHTCGTMVW;2779530283277
9DJBXDSWOYCWGPTBAUQI9GTOUHHMSNOFTQSD9CJEZNSWLPFEPUQJTYDMYGUQCIMZTPLFOTTKHHNCEGYUW;2779530283277
RXXMFGKOAKGNZFGGIWPSGDNTCTWPGHDLO9GHDKKOOGVRKIPGVXYDJFFXSMTZCBYC9UQHQXMVGRGDLNGIW;2779530283277
NHNRKVCZTDJCLCPWJCEDEBKHXIYKCDVMHGKSHQT9WUPQFDUEWSJYPODGAYGPULBWSQAYIRRDRCYLATKIZ;2779530283277
SGEUUNVBLMUTVSAWPESHMKSCTEGLIQVVKFHUHCCLXVFP9ESHWG9WHCNMSINTFSHVAMBQGEIGKKHXITWIW;2779530283277
URWYFVCXHTSPRIIDABGGJEMGZL9BXGKRJYAPXYEXN9GXWPZZLJTDZQTRK9KLCFHUIUOTNRTPHQHNSLGSD;2779530283277
TVYSYQTXMYHG9HQPGLHQIREUZZNVARPUM9ASUUA9QREZLEJMQBOMZIWXVETFDRINORBCGIFCYSBYFNKIB;2779530283277
CNRJZHBHMIUAXYZSOUQVKDFAEHYCCGPMGPUYMZOVTYNKVCXLCH9HVODTUITPGPVFKTZVMFGSSPPFFCXYZ;2779530283277
BXSTDK9YXJ9EAILXJYWBDMGZVKSPUMLYHNIGEFHHWVDXFFJDXNXLBBVP9HQXIADWEYRRYF9MTASMFCGMW;2779530283277
HOFARVSWVEDAEFBZVVEYTPTSWCQZKJSTFUMAQPBWMHEINGKGEQFSCBPIYXVDXGXUUZOYYGAZOKDYDAYAW;2779530283277
FWUWOIPOMEQZIFWG9GYQC9J9FTEAYOZFWRBCDAVNGANR9EVTBEPOMQAPHCXGURW9FRMDFLDLUP9EMPBBX;2779530283277
GOEXLXNBYYUXCBDLJJW9SIIDKZNIRSVWAEPVKGWCTTK9QVWHOYHTADLFIOCWLMCOIMLZRYPRIYHPKZRSC;2779530283277
VYZLISCLHYIMIEZLDCUFEVGEGBC9RQRJZPHXNBBYFFPFIQLRBGMZIWSMCPEVOLBPKMACMBMSGIASKULJX;2779530283277
9IAWYMWSCB9MTRCKLZCO9TTNARC9EAQTEODOCSCYTUTUTWNWJNGYKCGNTEOZTFXNOZOKOVGR9YFWMIFZW;2779530283277
MYXJDQERLX9AZNHR9LIPXQUOUZGYTLDIIUWDWB9WCHNJVKDSTYRRNQFSRIUTZVJ9VGEMMQFALYMPCNSYW;2779530283277
WNKFFWBSMKQUMFTKBVUEAOWGJZVRRBZIYBOWEMRQTNCBQFPCIFJG9URJYGWZUXHXRJCJPLREBPTIYBDFC;2779530283277
WIDDUVCQBRAABWEWADVUSYEYBNRWSOOBZZQUOZCTLBZSBJAVMCADXPOOCDBSCYFVV9PXEMHSAXPFNGCE9;2779530283277
QTHESCYUPQZBMUGSCIUYC9VQWFYRSCOUUSWRUNOJZWYYAXANIMMKOIRYHKTBLRKCXWRLNSUUKQVHXLHD9;2779530283277
KYLIVQOLKFTZBDAAMEVEUIBVETSQNTHXGAZZFCSFMOEABBIZZPBTBASVJGOVSONJ9YFMXNIOMVTMSRAOW;2779530283277
PICEXDUWBCGTXBOXDARQTFBSIDQTWIVSKWHLEKWYFKKAW9IGIFXYRXCFOOGURTHRMDDRSICZHRNMQTELC;2779530283277
VBGGCQZOWROISQOCDZUEYYKH9WDIENUZQOPRWTHAUKLOYUVWGFTFKADWZ9DZWLJVXKYCQBCC9OMDVIESY;2779530283277
BNNGWPEC9CRPKDTCIBF9NEOZAFNRLQKXSZZEYCSOCZIIUBPVRFLCGGHQGP9BMPYISYPJAPXOYMZVIVGNX;2779530283277
ZHOEGALLJGTGPHQJLHPHKFJHSUZKTLGKYXRGRCAYXDOYQRLHLPEZUDSVRXQDYHDORERMTUQFDUDITRRKZ;2779530283277
GHFROTPCRCBACQLVPWCEHSGFNR9KPCCLDGCFGEOX9ACBQINGAFZOAL9SAJJAYXHAHIXMFDXOQRSNVQMWW;2779530283277
PEZRTNGYUUHZYMWPNLUMMYDDUUMPTAH9TNCKFNZ9QAASCGEXQKXJBSYMHBVCBQJTJJAVZA9GQRFOLYCLC;2779530283277
LEVRDUJWEIFFPRHQYTQTP9EWCUUEECPBQGUBYWVFRDBRAGJQZDFPWHH9OOOI9NSJYTCJLSVGMKVXABEAD;2779530283277
KLMXXDWMJDEAQ9TWATNFDZLKLXRARRFUCCU9XBQJ9PCTLIEVHLICZCWLZAECXTNEXXUNVWFULSUDDJCYC;2779530283277
QGCFT9ZKILTN9EDFTLPI9IDPUYXNJKXTILJPYXJLQWJFJSFNSODSXGJYPXQBZSZC9HZPJZPTDTGZGDRCC;2779530283277
JJIUKPSDDSLHZOIKVUGN9IF9RZJOPIOHHZT9OX99JVB9BEKFNVNHEGBAGBDQBVYTQKAMGBAEMUBYSFKIC;2779530283277
LBOHGACOVBSHVPGTFSCWRKGCNWITXGGIJRXXUXTUXZQQURAVCYGDJDQJFQVEQTJTZVXGTDEVDAVOS9WSD;2779530283277
CQJNPYTAYJTOYHYFVZJYPMOKTIUOBLMFNURBXUQJZL9DXSG9GISQAMDCUWRCQQJNNS9AXRPSRJMBBHLMC;2779530283277
VGKEYWAICIROZYPFITKWHKWAUEWXIIBN9OIDDW9TBBBLBUHVGRILQMZWLBTNDQKBMZHHRHBQMYSPFK9JB;2779530283277
GFNGCFTRLIYZYAEHWYIAJNCAFBPAIB9TLXFNRSWXDRW9ZTUDUSHAUHDNCZNGRNNKNBXARDYP9OECPEAOX;2779530283277
FQUSOIVODH9LTVQ9RTOL9HIXQXQCR9XQKEARGVLWZIOFNPKNTTUYOKBMLTGRPRELQ9NCSBH9PPZHJ9ZA9;2779530283277
ZLMEFEXCSEYHTWNMIWROIFUVJWDQCAYSBJWYJKXUSKLVIQWAORJLTNNKJDLQYGZKPSTNOUHJCWGNFEMNA;2779530283277
WDBQEH9GBTZ9FYHZGIXTKQQVAELBWBNWQXFO9IMBIAWUAOE9WPZKCFQAUZHDZSFHZXKDMWTXFZZHJBSPW;2779530283277
WTRRBXONDPCPMZZLSOFLYTZPKIWZNURXGTIHMUJHUXVKBUATDZWAEUMJAECRRAIAZLIJLAZPOCWJXWLVD;2779530283277
GMPZJWOUTBRV9WJ9C9FTYYQFZKUUWLOIDW9MTQMVMRXOSCSXJQFLPNEBFFIQDYDGABOQKNHLUVZMFBALA;2779530283277
BVEZOEHQZECRMAOLYOBPCSCFURJTYANGHFSHWPHKDRQNVMKZEN9LINXFQBNNVLKCUGZRAYGARMRARZSVY;2779530283277
ZIMSADSYNDIYURRQILMYESL99XIXORCXOAFWQWN9GYFXZORQLLVFLAEDFVVXQRVFXFQFOEIIRTBOIRUFZ;2779530283277
ENYHJPQYAKHWYOTELRCURIZQZLLSWYXBAZQSSBUIQAICJZTLHMJCDWJPBLNADRWNOXFXLDISUFR9QWZMC;2779530283277
ZFDSLLRM9QF9SBTL9CLRLZLYBDOUBKCGLBRRADSGWQYZIEPYXCNFBOBKADAERNIDJTTHUYYRX9JM9YHHY;2779530283277
XSAMXXHTSROWSBKMKMGPKKIHPGOLCGTXRODGAILRJIZKMYTRCBFYGUJOBXVBVSZQFNQMFJVIRZQLONWKA;2779530283277
SSQWIFRYADCHXLPISJ9WBUBDVFQMRRAMAVNEMRWQTRDWAPRUTIARSMVFXHTTOVVFUXASVKYRTLITTNICB;2779530283277
QHGMFHBBNNKTFVPE9TOQYDQAMACEENPJXHNVGQGRWZGQCNSOWVTFVKCBEFFGOZIOBLTXQS9NHSDPNDLQA;2779530283277
9FCDVTNMOYPHJQV9WVJ9DGCCXJYPSCLJUDKRVXYYXOWWHDIAUSNDJGFFWYRBKIEIVMMBWXPKIDEIAHQPC;2779530283277
JWYEZJDWEWMHPSJPSB9LWNZZBWJGDTVGZRBFEQBTOKQWJQKHRMDDQXAVOUICVPWBDMRFINBVRSVYZC9VY;2779530283277
JXZMNYSFEGBLKXNUSRGE9S9LMQDFN9BP9FLURBOAFARDOJNJHFZGRCVULEOIAXELQXXPLTSKEHLVZBOMY;2779530283277
HBKDZUVHV9GBGXFEJHQGYCESSLHAGXXRNMH9UBSY9EQHNYZFOAQSAXGEICEZDHXSZAIMB9DOBIVUB9MVY;2779530283277
W9VIJ9KJBXOHRVLBONSDLGXN9IIHUWTMHRJAYRGAEQATSYHCFDUQEELKMCFRXLOQAUDSOGXKDNEZKYRVA;2779530283277
RLZOSKASJ9HJTURIWMPRLGP99DZKFCTZMDSDKBNZBGJLEBELFHJRJFHGMPRXEHCHBTIXSBGQOOEJBKVHA;2779530283277
RRUMOKRWTSONPANWZYL9RALXOTNQAFSFPKYBUCXSJKZRGZZWWYTYZKQOMOXAZVWSJPNCWOYSQIFHGASEZ;2779530283277
HHDIWNTOUIDAFZUMEWFZZEDZWFQKUWMNJYOSVDFRFTCZVGJ9DBFPNBIGLISLAPHPGA9TAVAVGMWQJIJLD;2779530283277
JRITPLFHSAVEIOGTKNNRILQZYNQERHZTDZVDNNQMKTXFKUE999KAOLKJUKTIHHAJ9Q9FMMZURWLJP9HEX;2779530283277
TQWFUSJEYUHZNUOOVJRIK9JSIOM9OKRJUILZLNY9QIGCJ9LAZMXTQLDFVKZZNJEOJMYPHIUGJMWLFMRIW;2779530283277
9BVMYUWAJBUC9WTZUFCRHQHVAKNNG9LUBQUWYOPXSYJTDGKDUJFXHSPIVKQDONCQZAPGMBCBRBPFPDXYW;2779530283277
NLKMBTOJDIFSCKNAWZLACSJEWDOMMKXAB9UOLONRRN9GKCHWCRBXPSXALFHODCOBAWRBOPHDLJNJOHXVW;2779530283277
QJFZLBUYRIXBTMQSRVETCWCTGVWH99LVCIX9MELTDSTZYLZPLEKMKWKSM9JPTRXGBEBMI9YKJWGXFNNNW;2779530283277
XOQAO9X9USWLEIJAKZVHGEZOJVGZVTSTXDZZYFXYCMCS9YFYQFJHCN9QZ9ODNGDJKUKPMDYVCIKZSTYLB;2779530283277
JIFBKBTDWLCAP9TROKOMOCMFITXXAMUMXBEFCWOVDUEDYWLFH9KFZYXZ9ESLIJPHZVBJPPMB9JCWVKAFD;2779530283277
NLNHPWTWPOJIWKF9HVUQRSVECYIKMAYRRCABCJ99OCNSNQZKTFVBUORUSK9ECYFMGONCNACGFJJOBOF9A;2779530283277
QDUOUUAKOQUMAQZMOMKYY9QYIFCSVSOAIATEOKNI9ZKCSEORBPBFJBOX9OXQJJCJEKAGGYEZMDH9IACMW;2779530283277
LWEEFEZJYHYOVCEETSKXARIARBSWYMKTY9NEQLCULZRFPE9GDUSUKGEMCUPVMUUGAHWVBFXCQMPXGNJJW;2779530283277
OULWIVBHZMYCMNR9OUQU9VQOFNCMUMGAKDVVYMEGZDXFWTWCVON9QRMRMDOWANPXCTEZTOKZOUUUMDUEW;2779530283277
RZXZVTQP9CUBEAHPWJGGLXITVYKHCMOJHWCSAWIJETOEJ9NOZFARISNWNKGUHDCYKKSFBKHTFKDKSKSUY;2779530283277
MGDLXEOHUQSFGUYNBMW9CJZMV9SRRDOZFYLFYLBQTHXHGCMEKWHNTZAQMWWLCNZOHMHAFRAAORJXYVLUW;2779530283277
CIESTIC9XVVRZYSSWARF9GEJFUVHYEBUYBTBCWXVWNUULBURAYVUUJL9NETCSBQ9KXMZCTKPZBTXIOGZC;2779530283277
HCNWFOJMFTMWKKYLSFNXAPOBEDPKRCG9DXOBYATSWDXTZISIVDZKQWPBSLRBHTUMDYSGUMOU9H99UXCJC;2779530283277
XCOXIRCTMDYRPLDRLMNADZXRXSFEWS9JGCCSJCXZPCDESVZOXEPFLXSSQHLJNDSTFHXTPWMDVEWVCCBUX;2779530283277
ASVNI9PCQLTLJ9BDXGQ9FACUPQBLKCFXFNNDUIZGQCUW9TPFVAGDACAZJYNE9JISZBIVANOGAPUIFVTTA;2779530283277
WEQURKMNLKOJIDXDPYEWFNEEPKBXXHEKDE9XPAOBRYZ99WKJ9TMMEXJVLUXOUVKWPAIWFBVMVFLPWVGHA;2779530283277
DZLEOTAS99PMKFUC9IVAIKXIWNIHVMQXUBSELQSPNAVGWJFHIGBWZTLBA9ADTVAKCMIYWFDUKGWXKIWGX;2779530283277
ONRJXHENJKCORQBVNTFOFOLHDUHGLREPCCILHPQBXUQTOZPWTPTIECOJQJXDZOLLGYTAJYKNV9J9MXTD9;2779530283277
PESERRTDWWCBWIUC9OCUIJETIDBIRTJEKKJHYIBNZGKAXKVUA9SMNBCKUUSSWWPJKJNZZCKSZJBEHG9CX;2779530283277
MCQWJSQBOYORZDJCAJOPRRWVZXICFUUZQKWBHPRMFALQCEQVUYKNCJQOLPFEJDNGSSECTFKWNRZCPBSMD;2779530283277
DMSGRBWCGWI9SOTVVZVJXURA99ZJREZDQDXUGQDNVFLTPJFYUNSYDLHKJYPYDXJTSPWYGBPMCGTINOMYC;2779530283277
QOAUMGGZZ9OYDLWTRSQK9UXXLOPTTFMPAPYHPH9GVWEHYTOYCCXEG9EWOTKQIW9HCZFMXWC9TXLWEENTD;2779530283277
TLINFMEBYUQCXD9LFAIZRAEEY9WODFBHDDDWEEXTASKNOVCNOSBFZIQRQMPUSTADXIMTQKNDMWJAYSFWW;2779530283277
BTXZAQHFLUWYPICHKSVREFVYTROEJYKEMOBK9SCDIATQXMDZKFFEIWGPMJJLZDRSJWDGTX9H9BIUJTCGB;2779530283277
B9ACKXUCCDMD9JGA9SKWOHDUZRHMDNYMCZIIUYBU9FWBO9NFSPENIIJAPXQMALXGUWFMDYSHSXTXEQWAD;2779530283277
JQQN9PDDOJQOEGHFKLBZZGBJFC9YXKH99UYCQUMEGAMFZPRICNUGDZRSNAZMXZEYCTCQZQYLXVUBYNJWZ;2779530283277
TLGRWZBW9MPKJ9CIIKDPZUMGHXJWK9J9LXM9R9CUBRDNJBPYUSUPCUGOOWSZLSSSNNMKEMYFYREQXBNZB;2779530283277
NAFRFJFDJXRMCPRHEKYPQGJLRZTBUYLWRHMPMZQLMFSI9YSCXBQQIVWAPPCIPEEOAMVHPQTTTJVLUOANW;2779530283277
BVIOA9LWBNCQERYSNIUZSGATVYWKXFDNOOFSXAJKNEOWEAXCIACUIHBOWUPIZYNWBKTRHCHFWHJHEGKEB;2779530283277
MXMWPNMCZSKMI9NMXQAUISKLIHH9RNPWDAEYIPTUIRZVUMXWXDPCVEKKKKAFPWJWNCPGQYBRGOCGNXRFC;2779530283277
K9VEEJEXIQGEMSSCTPBZDKESNTOXCTE9QBCMFEJT9PQFLQHRPUCRWDIWLLASFUXJJREGFKRTZSIUHQYQW;2779530283277
OZCXRDXXZPWJZSXKCFXJZFWZUIFEJWFPWUSKFRKFCWGZPZMZQTNGLPZJYNDUUJLPAKHHFQU9NQLXFFLEX;2779530283277
TNLAJAWABQCBBCPIN9GDQKXXNTWWIXDXRVELTNRZKNXRSNRIT9EP9TGRREFBNFLSRNVLSGFZDMAAFGTGW;2779530283277
UIRNPWKMPSSQUGTCZKVIPYPJ9HQACMQTVYGGNPYECF9HUMXIFVZYTLKKYTFLQZFHIDNIIGLIYYQ9CHAJZ;2779530283277
LFRYNPCY9ICQMIDHFNBTJTNYYBBOGMJSHNXR9AZILD9ZYKLGBUIWCRQNVSWWHVLYIIOWGTGKDOKYDVJZW;2779530283277
TDATCJMFGBFLOJAE9WEWM9VNLPUYEPOFQFWVS9SANYUYSJV99SKAFJ9MTFVCHITJULEZBQQ9GUFHHTJNY;2779530283277
YRLDDIAHUGPTAKIKFCEPRPXEFKZAALFY9EHNCWWXOPUIWPJZYLRMULFBBILEGNJBKSYVEHOMNA9LKZSCC;2779530283277
D9XCHOQWFGNXHOVRCTAGM9BXWMLXFZUKKAVG9GXYVQUHECM9QQUBLJCZBGGOIEYVIGAFPZ99JABRSGFH9;2779530283277
VZANUGNMEIFSXD9FVPLHWLGUCZEDWGOOAAJCKVGBACCZTD9BKVCJWRDNANLVMUXJ9MUYNR9BTSOTJUCFZ;2779530283277
PWDGUDCREQGHXHAHNSJVCGBPCDWOZLYGQBASLWPMR9ZKILYTD9GBHCGAZOQAWIBIQBT9PCKEINQVUNMCX;2779530283277
MD9USUPEAWVC9WYONQIBAQZXTWBKYVDKCLGDWLGVUPPALATKHUUQFMLFDXCFAOKCJLWFTGUMLZFCLLUWY;2779530283277
CTLROXKBJEQROF9BJDNTHAZEBYCUXGJJIXSFQRNMYSRNNZWUFELNZQMTCUAYUUQYTWAGTBMDXNTQRMFIW;2779530283277
XYJGWGTLFQ9TMSEVAIVQOTBHXCYVEHDFAHEPFYUDTXX9SWFQGNVKGIYBJYHEFMNUCQKUXWCCJQQGASJAW;2779530283277
RNG9L9RFDOMFXBXEZCZQILXYEXVZHCLKHRMAGFTXLOZWDCJWJLEVFEFGPNAAOW9YZNBIDYSZWPHLPFELY;2779530283277
RRCMBEIHRUKFJEORQATHRIXHGCROIK9AND9XF9CTDQDMESFWQDRCWLVUOMAOHADNIAZASPRXXPRLTGOPC;2779530283277
VGSEJCLKHYICJIIYEYBDNPHBMUNOOGLDPNMXIXMGZBERLZQCRBIONGSS9ONIVQHXFRGUNPPXKNNJFEILW;2779530283277
DLZUROLJTNTHGLMGMTTB9DFDHJCWRD9A9MFQSJCOSZAWEJDVV9R9QZSJOGMR9NYGSEVXGXRUBUCSKNNXB;2779530283277
EQZWIFGG9Q9CFYLSCGUNENAQKSEZXWOERYCXBVXFKE9L9NYRCYDSKRGKQYWDLJIYFMPOIQFUJFQOBPNLW;2779530283277
VVBQRRRJIPEXCCHEKXUTMRQUGDSRMNZEOSJAMBHBCVCGWIROVWUUIOXHH9YHYHIYUFSCWCHCWCHSC9MCW;2779530283277
OTTWVH9UYM9TZNAQCBEOYVWFCUJWPAWYXBGQXEWHADLBLXHN9VKEAKVHYS9TXAXHLXYZXXLRDNJBJDINY;2779530283277
IANY9GXSGCCLPYXWXNXXPQHVUDOJLZBHXGL9HT9RETFMYONHYLWTAYSCJNVPLVSZAONGYNWNCFWQUK9WX;2779530283277
URAYJGEHAIDZNFSZ9PNZWIOFTXUDXDFNLQPYOZAQWYUBYFCMT9BVUYNO9C9LRNRXRKJMCEWWODPTCOYSA;2779530283277
CJYABKBBWR9SSIU9EAXARCENSXSBZFRDCGNIORSEHMKKDWQZCFWQWTK9TDJIMVAASPQAPCMXLFJVWU9KD;2779530283277
W9APF9DHJAMQQYEJKGD9SYNCXXHSNXDTNUKHXDJRN9CPTPQTJMYRHYASMMAHFDTTJVKS9FHBCMXDMGKTB;2779530283277
FSGLXMVSPMBVVYZEOEWGPMBJQUJPXIJRSCQCFN9XRXOKI9LJIIQDYNWNTWSNIEIZCZEWXFESFTXVYXWTB;2779530283277
URRCRPYYSETUXJBKGBWBTTPKGBQLZI9RONBNLOOBTZXFWRIBZUCBSTBIEYOIULNLHYJMXOQHKPXT9ZVKZ;2779530283277
THEDJVNRTFPIXXXMTOUBPVAAAWFDQ9PDPQNDLWMXEVYRZRMUPQBAJR9YOP9DO9S9INJLYRVEKJHHIKQD9;2779530283277
IVDDUFQNZLOKGFZXS9VWXEUDTLRBULZYARPTABCYRRCFODH9RFHIIGCEQEFMXJPKZZHHOGCVGTUGLCEOZ;2779530283277
BVCCUK9NIMTHSIYYUTFJDKHRSWHUWISRJRYPMCFCSZKDAQPM9CTIKSCSDQNURYFHMNRQTAODVGLLNQQF9;2779530283277
YWHZ9UKSSEG9EYJZWCILDEAOSKXCJRAYVSGAEVGXURLJCPVCTOPVRQEDLXXEVQOEUHKCXHMXHZXFPOOKW;2779530283277
YPZFCCSZGBILEXQJEUTMJZCJYTQDCTBWVESGZUGEZAGGVFXMCYLIUBHWCRQBGG9CHGCRXHLUVMPUKPB9W;2779530283277
QLXOKFOVTJMPVFAAXNBUZHQJWNRETWKGZZNFJNK9BTQJHKMOAGHFFLXNAK9H9FIOKNMYB9ZDRRKEWPTAD;2779530283277
ZGDCEWELKSCZWAIROVSV9TIUYJXJQGGS9WGMJWABOKQXIJJ9HHY9ICGQSREJJDIAMYVDEXXNLYXBJWMFC;2779530283277
DHBSNMTQVLOB9BZDLMJJOZNSJUHQK9YKOBUQHNHTBEDJESGKGOXDSOFLFGFHO9IFZSXZQBQMJIKGEMARA;2779530283277
RCLDG9ONNXSTSSFFG9KOBTNCFJSSGLIIACJTORGFTLLREVHNNYCOMBBYFEIDHCWDCMSGUPHGUDCDAYRAW;2779530283277
SRKHUP9KGTOHDJESRPLAWDNMB9JXDQSLIJMWHJ9WXFSSUAKHTBJTDSDYKHBYO9KFEUSCNBFFPUQPNKWED;2779530283277
PIFOMRZQNFPAXNBLGBKDXYKQ9POHYRABZFRFSVZVONNFIJGGC9BQ9RSLMYEMVKCKBGYOJVX9EZ9TKIZXW;2779530283277
PIIHIKACBPPYMEVYGUJCHH9YGIHWRJSADJNQWQEWSJKAQJLFYOROT9CT9JPUFCTBXNVZLEDFZEUAHTODW;2779530283277
UPATKAYHEQXRUXDMGRPQRSYXMZGAYHUNLEZJGLWDXYKPGEXQVUTZACLIMSRIUGEKKZEQQBIRGTGKUUMVC;2779530283277
JQIX9AUWAYRGKACKSXQANKFOSWDIXL9BPEJHFSHDJXRNIZTBSXDTXDUVCNN9FTONJIHBOFDUBW9NKGUTY;2779530283277
GIGAVAXLZZZKQWUHINKGYQDEN9DXQJAKXQMKANAMMZ9OHVIOANKRJOYPGFFDHOCZRRB9NIUDVEYPVMEDZ;2779530283277
HQSNYGXBHXFHMULZIYPXDXZQJCXPLDGQQINSJECTCHJUKAZNKTIHUTRIRQIEAJZMAMIMNBRPIMPORX9KC;2779530283277
XHBNAOBTZVGXOXCUYYTOTJQWHLUIRSWDY9COZI9E9KNDPFBCBGJFATEOAEJSAWAHUBQQYILWTSVJRMQG9;2779530283277
WONFWSOHOLRRBONDHUHHRNSQWBGWWAEAQMALZXPGOEMGFHONYCYIUNSKTVJMRE9UTOIWQEQ9PSETYQNVB;2779530283277
MXCJXRENJLLRUDEOOHJHCVOQRMTZBDVPILPIVPNALIVVIAOHXUHYMCUQAVSRWGAFZYWVRYWMEWHRPJZOX;2779530283277
WPHOJLOHEGQAHKOZYSEOEVONYAJVMER9SJ9WLUBFDYDWIWDBNHTBPKYPEUYTIXNAITXCMV9QTUMRDAB99;2779530283277
TTKVBSSNIKEDNCLHQVWSJIPFBZLZQSJKIGBKSJDVTR9KRGD9ROZBQUBUPQIJDCV9YFFYRRTKRHQV9X9MZ;2779530283277
AB9NYHKDRNTWGRJO9LSXMPSV9UYJDDNBJZ9ACWSXJALYHGWPOAPVIOLCTPGWHUAETNDUDOUVAFN9TBLG9;2779530283277
SNTWDHZWGKTZONQEFTJOQGWOIJBRISWYUXNDIPUHVJCAGZC9ESNSKGYAZXMGJWQGHTGDZPSNXVCYXRPGW;2779530283277
ATGCEW9WUSIDFKUECDDTDV9RLLWZUBSGBTYF9IJUGQJQZSNKT9TLRHKLQBRASULWANITIATZAHE9MRVDX;2779530283277
IXF9FUSKHICXQZKIOBR9CDFMSZAVOJVNCCLAQJMNRC9WKVNELGTWDIEMMEACHJIGVNFJIIXCHSUWWEKV9;2779530283277
JYMXBJCNPAUZJTHSBRHUGQOAGOLYCKSTZTD9IMYWWSMOMC9CYANSXQJGEUBTZBBXKIDAIIQLOFKZJAMWW;2779530283277
NFHLRGXBCPRLKSXMDBMMKDGSYHZDLU9PBNRGFHPZFLXYJMEJZFSMNYAKFYVGFETYNYXQHUAJTRCJFMJYX;2779530283277
NPXZBRCQWHGKCDLILVJYOTLXKMMHHPC9YUYAOWZHJVRNHVECOMVJDWANEMAAEXZIHBLGIAE9XFRNTBCSW;2779530283277
RLPHDRJLXZFVPOUSIKQXRQATUHFMWBOTHMMXUFHCAXJVRQGXVMOLGPIKSNEFMSTCVTVVUEEGOITT9GFOX;2779530283277
ZYYYGFBAMFWKCAPMTHGUZDMKRXIKWBAKLAFKLIWGL99GCKLJVUCRRNRAVFZCJENHAYAHEVTMQJWWHRKIB;2779530283277
MTOAFLITDJQHQCIMINGDUHBGIMAIGYNASCUCNAKUI9OLPJPNKUVTUPVHVCCVRHNGMUEC9LXMPHVEQIARX;2779530283277
CJUDENL9RJYXBKEVZHJYFFSZXHFEHVZLFIQWLAOIHQIFXOIFPZXWISOXVYUZAAKX9RX9JZ9IGYBVAJPCZ;2779530283277
DSWEWDEMCCJ9MTUZGOLJGUNPL9AERYCKOIEUUHX9KOJTEHHLQKXGFUVRAXPMFGGKEYUNXYGNKIVJAOYRY;2779530283277
GYQXVGQCFFGWHOKBVSYKCPFH9RWWLLTANSAFZXJIDRFJIUC9WOTYBJHFLITHGUWDIWHBYLJT9D9ORZEEW;2779530283277
ASKKIJVDNDKB9SEVPQ9WCXL9FDJCKNHHGWFHCG9DDMKCUZIXT9RWHNKGUL9NNMGNN9VDFMPSCUGBBP9JX;2779530283277
9TEZKDHFQVIGEHESVLWCARGEZZECL9TANAQNZPQGAWJHUOABPJMEZSILDXT9XTSGV9MMNKFDEBRNUHUJC;2779530283277
ZHYKGPHZYJDAKSQ9QHXWAUJKOMITLZEFEVLDNWBDNQICEXQPVXPXBIFIW9CWYBBZSMGMSXGJXOIBUMDRC;2779530283277
GMIHAASRXDLLVUKDPRF9INWZVHXELMHBUAQAWJKI9EYREGKCQKERCODGCKCIMLRWOWZUHDGPDUFNXHOYW;2779530283277
NIFHLQGXJKPFPFLFECCSZNGIMFFLJDFGYCSQEBMOCNVJEQRBZGJFWVCEQPA9EKQFQZMD9OPYFCUCPSLPB;2779530283277
SCRWTQ9FHSESUKRLMVGGLGQHEXATUCEVPKZAGBFCIKTZVAPCUJNHJPWHGJMUKFCKZM9MGENMXDWTTYEGW;2779530283277
UINGFEFLJJ9GRIRCNXQAQ9BU9MRRFRQTFXAQ9QJVJDPDMUGMMK9GCC9DCCEJZCQWMHPDQNFBZGWYEEFJW;2779530283277
ONYKCSNQIJIIIMTBQEKOQNBMJIVUYGVUCLFFQSHYUTDRUNAABDFUHWEDJGVRNULEOHC9COQLCPW9BIQYA;2779530283277
EJGSGXMGLYEWFAOGATXTGFKIGTLKYBJLFBMIQEKVNAGL9VP9SVPFWUOXDNAIJOSGNDFVYYMOYVRCKOMTW;2779530283277
XWSURQOPEHUMGNPDAA9SA9NIJZVXZASFTJH9PSMBSCIEMDMWBSMIOSGIVFGLJLNXNOPMRYOZWQJWTHRPW;2779530283277
GTZRIQFLAOLF9ZWUUEBUVBMAMAKRCREMZP9LWOWXNMBJMAHOAVDGVJMVOZB9HTK9JHFSIIJXDUPYWBTCC;2779530283277
QCILUNWFHSDRZYDLWMYLNJWDD9YCGWYTTQNUCCATG9ETOCKGLQDIZYXJWJRNJHICAATKTNAKAFCWGWLD9;2779530283277
WBHIXXYFAGNJROB9NGQSWRRIHAXKQUHUQHQRAYPGHNFTTNQBVOXVBBMUAZKJWNRYMUKIBNB9UQ9EQW9RZ;2779530283277
UMKOKPDJ9PKHVJNPKSDMKGHNEWLZHCHXIHXTZLPJNT9ZMSQAPNHIARMPLTWODTEPFJETVEAWYRJGBQRKC;2779530283277
IOHBMGICXVOCASHUZGCKNEEQIDFVOTGXLRGRWDNOKFTNSVTMKZJTQZQFDMDF9PCEBLUOLUFDYLMFDQFSZ;2779530283277
BVWUUTJZCMQSSSSZPI9OMJWLGEWGYXSNOKOQSDUPRJYSMDMMJGAQHJELHUMF9VFXBFUPEZLHIWFJZORLA;2779530283277
V9LI9SYZUJEOGNNFLLECDKSPOYUGBZRAZWQZQCIYZXPHTVTSVPVYFNGCGTQVUFSTMY9TNTSNZ9ZOITGVA;2779530283277
BOJFCEFV9MDHTAQ9FYDPCKWEWCMLYPAUBV9APGZVN9MPWQWAGEODXBSZHZIA9CLCKZAVLNOJIWKGMUGCD;2779530283277
EPRBOZZEWFYLGLRAXPPKTDRNHTXL9BSR9WWAKUALOKUIBH9SVYFR9ZHHTWIOEQBCICMZXXTSIOTYPNWUX;2779530283277
XXIUZGCKYUKTPQYQOFCEXMVKQWKL9TXPYMB9FXELGXWDVGYQYDGE9GPCKGPAUBNLLIEKLVDXINORNZUJY;2779530283277
EXIXYAXVNJRZDEAT9ETHJDTUFJCZNQLHMJBENQJJUOBDJAOMGWCTEOYAPKXFXPNMIX99JJGBVMSQVS9I9;2779530283277
ZLMGWUSAL9QVJ9TGSAPBUNZ9SHPUSCKCKDCOHIVWOHZYBDT9SWVZJBTZQIZ9IFFPGOXYSU9TQYQECPZHY;2779530283277
RKRLUYCQMFVWWAXIGWZUI9LYM9OGRVXYSQXVNTVXRJYKNDU99XKIIZFBYILUBB9CQPDWYO9LJMCIEZZMW;2779530283277
SKCUZPWNLWQTPUAYOOLTMUIMBEWQJYBNTL9MGCZZNXOLHPU9YHLVLSKHNBPCPZHYHDAITHSLYPFRILJOY;2779530283277
XCVBJRXBBFIWDBSODMZETAGDQXXZKXNJDVBYLYM9GEDEIDJOKRSDZLIZKQVSSMSTLHJYISCDTXHUYEJBW;2779530283277
PVSKXBIULVGBRMCSBYADBDPTQO9IEGRJ9CJCSSQOCPRBVDDQUBHO9JRETRMENJORZG9KYMDLXB9SZSNZD;2779530283277
KABFBSJMAWTRY9QGUUO9GQIURLEKHKYPLUKZVFZMCOBWEBMWRPNIIXSPMTGMD9CBP9YHCMZQMFHGSQBLY;2779530283277
PNXHEMXVLFGIOIZOPUCXSDPOWQNLTRTOAKJAMBYIJKTACDZLGSJBBRORWCAZGMGOQRGEMOHBHLBPZHAHC;2779530283277
FTVNHOVODSPPXXBK9OBFUQOTYO9BDBVQUGZGNMXZIKQFUKNESXUKELBZQOFZSEJYRREQPTERJBEIKOZYC;2779530283277
DFZMOVZBFTENYSIAUIBEELHSCKRWAXICUEQMPEKCBISGSDWOREXSXOEQYMGNO9I9YDFRNVNLNMOFHPSXZ;2779530283277
ZHGMMMFNG9ZHFBNGDOVIOBXMJFXZTVQGHNKZMPVYYCYEA9WZVKITYVETANGWWCIJEMNTQYQDCW9AMQJID;2779530283277
CESUSHFHGSQ9HZRELKIWFGZTTCOSOMMINNAEKLABDBAYTZJYPNIJUI9IPNUEIUOOGLCCHFLNFSOPOYXRC;2779530283277
AUXJVKRGRYAUMVWNKDVNWDRWXTZDNCGWZTBHBSLZWZRMHOX9IWRSAYBUKQVX9DXPQEMZHPJWE9QVXZVAW;2779530283277
ZUTRDJUMIHTHGEFPQVDGRDKONTOOPDT9AUACISLITSXFFOW9GIIPGYUOYINPLQS9WTVNRGLCHPAMVAGGC;2779530283277
QBF9GGCZXN9MUGNPHCYUKDZIHPWHJNPIWFMADPAUXFTOURYEJHIXNDLYHXPGZDBZHSKFRAA9QADONPQJ9;2779530283277
MJHUNUCAIUSFVVASZMMOCMGYBGIEYKBXBZYH9GGBFNKQRJBRPXIWOA9NJZS9YRSTHGNWIUGWWUZ9KOPJB;2779530283277
ZZJKGZDKEOVMWEOZEGMXZPVDWFZIZJAPUPHWPNODDAZYJCJOCIYRTCILPSUTLIHPCBG9PGRUHDHRG9BIX;2779530283277
VNAGFXENVFE9JZZHIPLZYKBNRPZYHBYVSPLIMOELQUVXHAXJUXSFUTXPYVGHNHQGRYDEZJXOPSWGDUMSY;2779530283277
NLQLJE9KNL9QBW9BWYWIPVJHVRNNIICECBLQEQUS9QFHRHAJ99ESBIFKVFGPIRTSJPOH9I9FKODLTYDCC;2779530283277
CXL9ZHEVOERTSXJIOJPXNFNXWRBECQ9ZAFE9MMKUKOMBOGLYZTSNDMRL9ODYPZHBCIORKRKLRV9CORWWX;2779530283277
RHSOMNXRGNHTMNCYXLLN9PPSPIEVMVAMWGVDSWEQTNBQVVYRTMQWNZVJQGCVTECWFD9LCMOBKETGMMGL9;2779530283277
RH9HMRYJRISVAITEGOPPKQFUXEDNUIIMSUBJCOJHSZDXNWBXYPTIBJPVAEATINITIOCCNVCRIOTEJF9QW;2779530283277
YTL9HBSDMYN99EGPMSLMRWOGTLLPMONWRFGXZRDRRSNQYFDIMYVHJIGWYZENJBMURTBIUHNJTWFWFJEWD;2779530283277
XZEH9DMXEZIIKDHGRPZSESDRSJELBKDTCPFAHSDQWFUMWWJFWGBXHDJNWSRNDUNZUIVXUEIPEPWFSXO9C;2779530283277
9LX9TBTRRWEQTUNZDYQDQWVIGTXUQSFROWKNODJWEYRIHASGGKRLWHZRQOSNZERCOKUHCIHWXGPASXAM9;2779530283277
IHMPODVH9SUJZPPBED9BFOGGQXRFYOCPVDKOTIYARVMVP9NRBRZD9YPEURFUELDTDRCIHGZJIHZPPBDTW;2779530283277
JWZZSRUDFBYLMZDMTZBQSBEHMNEPDURSQPYQDNPHABMTVSOFOYBMMJACCDFVBPSKVJO9TGJVB9AZBDSUZ;2779530283277
PLOFJNUCHZFFWAF9QEYZ9E9DRLK9JQSSRNVMYTIYDNXGT9XJOHPGKRRYBPAQRU9KYPCENASHVNVTNAMCX;2779530283277
IHYJLF9MGCLPMDIOBUB9EDLJAFCZYQJ9RRRPCOWFVCQLEMMALMTDEOMZRAOZVORZETLFYJABQMPKL9QJW;2779530283277
VFSSZVAUORGIATHYOIDU9CWZYOBHRBBTNLIEQAQGSDXWJVJTJREBDRQGF9IVZMEYSQAOBABZDILFRAYF9;2779530283277
VFKEMWMCUMTWUAQOHUWTMWFKFRFISGNPBHDSHNDEIF9IEIEBGQMCXCZGLQSSGOGTXMPWONEZGOZGESBOD;2779530283277
SVCPZFVMXLZAQVKTO9PMRXGJPKVBJNSPTBS9AJAFULXZU9RLAESMJKWN99PNWUFIQMHQZMSZRJLHZNTLW;2779530283277
YKXIEECZFEPQFUDHWHJHMPRJMNWCCYNCTLBRMWR9BG9BBLKAEQBHTZPP9XHXWADCVDRUGBSNQKALGWWAC;2779530283277
NOKMLZABRFJZRW9AANQDCONUCEUUBRADASSPZEIF9IARIQUXPTIHVXZNYWXGYQURMKDPRCUTYOPKU9ILD;2779530283277
EXNBGVBCZKIHENCRVCBEQHMMKSLCCGZO9RZQOEWPVGJWCZLWGDBPTLSVJWKYJ9JZJHRBYIB9REULKHUTC;2779530283277
FMUTNSRQSGTIIDNCTWQZCGPEO9GTMSGXADWEMANAXCZQIBXVBAZLOVQIPLGCXFDWQLPHQGPIZQWGKNXOY;2779530283277
VFVFHT9PGWBYCZIOHHBZEZHQ9RIYDBARJMT9WWHPMITNUZICCZRJYCUZJYCIXECHRUHNFCOCWHVVCOLPZ;2779530283277
IETHPLLQQWPQHRU9ACYPKWAPQRECYXVUHVAVOUDLZTLDWYSSQSPXAPLSYHMCVZQLYZDBWIVVNLAEUMJMD;2779530283277
RTUWHLPCHMYEJD9CWCMZGKTXHVBKXVYBJMZPMYBO9EDJWIZFGDLYYQCXXANGHCLKJMIXSIDILLZRSFBP9;2779530283277
IPEBGIKLMGXBJSSCCOTXNVCUDYYGSCWVWHYGUOFSIDULCKWZFAVFTS9FCMYAVCP9IOSTARDIHCIKDTVJD;2779530283277
OZRFSKPIVFTWMU9SJED9GERCQJCZWQSRXUGZFXMTBXZHECQLXAICDZJRXGCA9WBEBDRGSEHEH9YNFSJMX;2779530283277
IPOMCQPGGOIQ9G9WKEWESUEDRWYPJNZHSNWZ9P9NXQTNJWBPPORCO9MOICZRZGRHD9FTDOMHLOAAUNWNX;2779530283277
MNBSCKVMWELZRDPPZD9KKNHHPWJUZSBIYCPZOTOPKCSEBADALDSRDSYBHJTETAAZWWXXCW9XKAGRCLMR9;2779530283277
BKGZTAHWVLLJZGGGJPTIKZCWGPHDEULIGWI9DETYVEDMETJPQCIRAJDDZGFVYVOBXTORPAFC9QJSCXSEB;2779530283277
HNAHYCVZCNGMZSBAKLEADTYNZYXAUSQSITKI9IYJWOEAZYNDOHDLLFNVZURYE9NUQKGPWHASVWUDZ9AYD;2779530283277
XPPCOBCENPZOBROLMGQYUHJXFZTZGTJ9DEUXBUNQRUOLD9IQLEBELOYW9DYBRAZNTSAOTDJOCZNBBGPDX;2779530283277
MTRNGXKGOFEZ9A9LOVE9UCRICXAAUSZDLN9YWYBUVBQGCMZUYUBFNTZUPWXNLSCJQABCOQVPLIJMOZDAD;2779530283277
DSMVWSKXOBJOSTTKYGEAIRIZLYLOYPJFNWAPWLGFRORCXRDTKDDYDFDXZEOHVUDC9KKYGZM9MCMAPGHXW;2779530283277
AMQLMOFDNELGSYGMYWHXHQPXDHWNWQTBXOPTQOLXQONNZEHSGZOWZDFBIUUXBXITQGYEXQKMBZL9RZLEZ;2779530283277
X9PEKQPBVYXCPVSXSHZHEMUDUBZHCMLDRTWYNGQYOKGEWDIDHTVMVB9LWGBYFNELGUKYRZWLKBZKGVLZY;2779530283277
TTBQFWXTRTOMKWFNZPZZCVEFWWBYFTPGJKCSZODDBEGDVOIWWNTHRVYHUJCGLIFJTCODHDGOONUP9LGIY;2779530283277
BMUHCIMRKNAAZJMFBGJKSLYZJEQZQIANSRMCTPBBQWUGFVSAWWAMLBLUFIKGSVNMFKYJDYIEWNRBCEEXX;2779530283277
NLWFTUAHXPRMNNPAIHOKMTWPWROMJPHYQCOQGZEWODLXXPIHZBDYUZCXLJHFCLMNGFACNOBZCGLANYGBX;2779530283277
GNDSKYJPZQKNMLZGNVQMVPAARQTOIEDVPEKTC9ISVKKEJBFAX9SMTFHAOTHVLWYEFFATVUIFPOQU9MPGZ;2779530283277
LEIFVVLGVFAPJLSG9VACWYRNKVFJV9HKZZUY9MBOKENERHUSIFGHDEUHZPKJ9MWCV9MJJITTWRFQCFNCX;2779530283277
NKCUCJUYBRWCJUKW9CZXURPPDBNGFXNYJXISUDAVHAEAJZMCLFZHNXVLZDZCQARN9EMSOCQJURZHQJYZC;2779530283277
DBMPDFPVDHEJTUGNOKDOKFGFYHXJ9TDMSTCFXHQCWWHGJEREVWCTVVJVVYIJPSZKHHVRWDLSPNWIPZZPX;2779530283277
MYAEYMDVKICPHSRXOZCUAFZEWHJCIYZXHAPQBPGQPCVXFDNGRYSVGAUIZPFBOCEOVMDDVZSGFHZFJVLZX;2779530283277
AGMEQXZI99PTVYDEUJMHJOIUUQJEE9KVWERFUJROL9OVM9OOBPDUEIHJBAJWDMMQXRKSWCBBOURRXDSRW;2779530283277
CDJRLRLOXOTNILHOMJIPUZASJITYKWG9SETUZEMIFISDADNITQQHJLCBBKGGDCKAFLFQNEVIGRQMFNIWA;2779530283277
UKPZVMOAEGWSHRHXIORHUNCACOLSYNRACDD9TX9XDDRFKZDSFYBADVPXEVDFKCMILISOFVBNETIGGLZGY;2779530283277
MSXLRUXVNHVRJBTILSHEAE9BYQKTEGPPWDAGXEOHWRNTUJTDMAR9BGWKEHNLHINFITSYKVQRYEVSMJUTY;2779530283277
OJE9RWB9HTMSFRPPKCWWYGBCSTLW9NGDYACEOQUTAGAAMPSCHPIPQEXOMJTLHLDQRWIZLL9CWFMYIOUYY;2779530283277
GPT9IKWTMGRFUKQX9TWGJHSMMHYXPLZE9MNMEJGAZQOFFBAGKFFLLIYTXEGLOILAGUJENTLUL9NURYJGC;2779530283277
VNIXVKOUEESPFYYSWQJKMIJVUVUZJTTIAGSRLJNSJ9GKTIRQWEWNSHYLIOTKOGZVITIMFHDCCZMAMZV9Y;2779530283277
VGPGQSKWDT9NPJETFMQWZYYULCCOEYRWUYADEWP9ALHGZGHTNQYKJWRQPXCKPJGWHYCBJIVLOJLEYYMXC;2779530283277
YVJQESLJPBMWPBAIVUGZGLAMCNSOXEWCYCBQQYCAJBYLFBNCN9FPWFMEOEUMOCOSHHPUDORAYJGPAYNID;2779530283277
OAWJXYUBLKOKCAUYDHYBX9VNKWPEGIJCFSBGLRF9QRQ9OELOCUC9SXGEGVZWEVLVNMBBLTPIUYSJNAOXX;2779530283277
DLEDXMAOXUQMOA9IZJFZU9HYAPZWDXAMMYINJHRMJSEVZOHSPHSALYCBPVGA9H9NWDKNTZMEQE9AUOTSD;2779530283277
QHFNOGYOJAOAG9TYAKBHPWHYLPGNGKCUTIWYFKXPJPUEWPNJJRWJRLTSZYTUJOWGU9XJLGRTHOSPB9ZEZ;2779530283277
EXKWNTONHMGEGWCBASOPCTJLINUYKGBIIVZTLGCYBYKZJGBLRFLTLXMFR9ZXTSXPRRTACSZXGZYPCCIPA;2779530283277
GPHRTCYZR9PFZEFZQMTXAYN9TZQWFFAKTKYRCLCZZZBQNMQCNJHKODOQYVDEVNHDYVKJWTXELOXTDJMOW;2779530283277
WDSLKCYGTCSCBBDYDMWNXKLJV9PIDBHG9RJRMNCHDHKPDFVFLVSECUOL9GYXMUEPTFGFKGHGZCPXMMCOY;2779530283277
MSGQOINQIXNJFYVUESKZUWRL9DHCFFCTGVTZRQ9HTXRYCGTXAU9PYMUWKMLSNAOXBF9TFYDDSKTPW9KXC;2779530283277
BYVFPOSJQHHKOREIZNLDZYXAWOTQKVNHZFVIRIIRNE9UVLSUCQJUYSUEMICHKZZ9EYJ99JZKWAIZUOTTX;2779530283277
LEJRAKQZ9UIZKYMILKKQXJCIKEVHQGRXDEUYFNHTGKWKZLXPYLFVLFOT9GQKJGOEOJJPJASLZGLELUPPD;2779530283277
BSKSLUEULAXRTYV9KVZBQAXDBKM9SQXBSCXSAMMZAFERKVUYPWKXFVHHGVFPSZTIZ9NIBTIFSTJHTZZSD;2779530283277
MMVAMELKOIYUEHMXTNTHSPMYKGVQXDSACPLIBGJLJXUEESYEVLDKGFBTOTOEOGNDGLQXKWPYOFTBDYKL9;2779530283277
TNLJ9ULJ9TYQTJJUYILVPISXTIWO9VJ9GAIYLAXOSABP9TCFMCNMGREHGYMGGKOKUEHZHPQGZHDIYAACY;2779530283277
XXJVIJMIBAHTKQWWEIOEHJBPOVFUDD9AL9O9JCPEOCPCBZPTTVIALOQWNYJNRH9QAGMTQONDMIHRTQLUW;2779530283277
YTYMXPXDNIRKKDJAWKELNMJKFKCXYQKDNOMB9TSSBAVOIVKDMJGTBJVTTLMKBSLXRQSVNOLPKDIBFYG9A;2779530283277
JQXUAMAFZS9RDLECEVWHVQDNZADL9JILBFODIHTRCWPRNZROSIBTJFLW9GAUPKEHAIPDXVNHIUMAERYKB;2779530283277
EUIAFBQSLKXMEM9HGKIARDKOLCLDDSUDGUYIDCAZQLGYGZDAJBVDWMQH9S9LTGHMNDSYWXYETCL9AO9ZX;2779530283277
XBGUMJJMOYQH9DRHMGNQDVTONTJDTDMVEVSSQAULOCAFOKKSWYITWLYEZKKVDLDQXKOMLFKOLCUSTBJPZ;2779530283277
XNPQHLVJNYPXCHBQPOVP9COYXKYVVFGLT9JOVJGTYAKGSI9MGVQAY9BTKWMUKJPMLL9CPQB9IO99BVJHB;2779530283277
FL9NUEMJQYHXJDCPJJZUNACWGMWTRY9NFEKOLLTTRVSLOGDJZCJGSXEIYVWIPBBSLTAGBCPOZRHYR9BTD;2779530283277
QHTBEYG9NNF9HODAZIW9FNPCEMDRWWTBKAJALMJHZOMQXDZXJPROGMHUYXCQXGLTRQHXQBVFPMF9MACAC;2779530283277
KPEYTXEHGJURVGIKZHLHHWJXKOWNWYWSULLWCUEOVYWXWMBLLDSDPRU9PSLWLZUGNEJHHG9S9HB9RHNPB;2779530283277
BZCJUYMTDYNLBLBNB9U9GBV9MVVVQMJNCVOWNCLALRFFNVSGXRRYFEWNFSRS9HCNTFFDIBXCLZLJQFMSX;2779530283277
JNOYRXKGKKYATXIUYUZ9UDMWWTFNDWJJD9NFBHOWSJS9DZWGJXRWHVMGSHEQVSULGXVNXUFFOAMAFZZLC;2779530283277
ITOEQFQNERFGWBPRRM9FMNFT9MUKOVANER9VEQYAXCVRCRFJFMLLTJ9ZPYRRAAZOXMVCPGDAPY9JPHSOC;2779530283277
W9ZRHNUDLEOXLFZNFSUQDNZMSNRDBCVBTWWHJUULJPORIINIWM9SUOBAUVNVQQZCBNCLNELHWJIBYUZQW;2779530283277
C9BMOGRSV9NILQZKHIUGWQBPFQXAYGWVZOIG9ULECGOAOCJXDTTXVARJPNLGKWQQUEMRDXLUWVBTTRTLA;2779530283277
YILNNEJEBVWEPDQKJPDOWZAPYVTORVDZ9TFMTSBJNQFSWEFPENAVN9RVQHILTLAUHOUNCKAZDIWZMRVEW;2779530283277
TOCTAXPMIJJPPQQQEBRFFWRZVQABYXFXGAGTERZVORSMNKYCONQFITTOHJUURJMGF9QQFNWFSUBZHPZGC;2779530283277
FEWLHEKWBRORDZFCDLXIWKTSJIXZKPJKW9UVXINVEIMFJALYMWYVZTQNEQULKXL9VDCTDLCKGML9CAMTY;2779530283277
VAH9GW9IDV9OAIQVZAUMDWK9PLFHWXDXETXRRAQPDMGQRYAIFZIXTKMRXX9AOGSSBHTDTXOZEIA9OQMUD;2779530283277
RMOQPNBGPETEVXMEVMUIMCLUDYXFFWHWTNHQPGEMZURHZHRIXOECFBAXYJBNVKTKGKINWXICADJASHMTD;2779530283277
TDFKUNRMAXAKADBEPBCEKOIFAABR9PJBNAYPBJPZS9IMEBVRY9KSMNPRJAWQBHACQJUHW9ZFWAFCNIMZC;2779530283277
XPFFKRUHYIA9QHTBVXJCMVWXGMJIN9ICFRRRXGYMTQEMDHXOVBJ9AYNJBKKPBMFBHZRSEBBFVBSYLRSVD;2779530283277
NGXFWQTUPFBNIPB9VYCY9MJBCEONY9EJB9ASZKXFAVPKOQMEVHSSZGVV9U9QJUSKTDDPJFADDXMYYZKRZ;2779530283277
RKUPNCQFQTCFVREQFCSETWSFUNWVVKPYIPUUTKZHSIZOVCYOHHEQESFAOYJBPN9LQUNNGOZOYNLRSYL9D;2779530283277
TTJUPWXGDTYQXHGPXWYBPUMJVADDALZGRZDGDUENCEJRQALEKZJEEFDYSQQTHSLKQVYPCBTUHUUAYPQOW;2779530283277
BANFUXYVXHQWDQ9UHQPSRJNWYBHYESQVFASBFUJVJVEDIBYDPDBURILNBWRATVIWHUMAVDKVEDDSBLXKA;2779530283277
DIUBGFFZYREPNZPUAXOXLRZUTVJIE9YZHHMUQFSJYKKWPUJFPONRJMHXNWBHDCKANXXQAAFGFAMRFQPR9;2779530283277
RMJOYPKIBLJZODUU9AMPBGRCZLTLKKR9RPEFFRETS9QRXPIGURJWIEY9DEWPSDDWLKBNJGSURQEOJLTNB;2779530283277
KYWHAHAE9NMVJQJOCKULKXF9RGTUOELHAYDHJRDOIKJTDCNGTVYQQZVNBARUZAG9DKUXUOZVCUQQBCCZD;2779530283277
LZABBDN9EYFJCDBCPEPANGCGRQCRBBQTBMWH9UAVBAJEOUCGMZXFOPY9ZCHSUANVSNMYVQUADOLUEAMBX;2779530283277
YOAHUGNSRREDYOTTSLQSHAYNPOGRNZOPVGCVB9PCHLVHFYTMOIPAZMPLQKJARYPXFWVLPMHBCDOERGDLW;2779530283277
HVKRRVOFSZANJ9KZ9AF9HFP9RXNHOVDDPWVSMWBHQJYMQNBIYY9HKLEHJFKDQYCDL9OYZVBPFRJ9SJOCW;2779530283277
JILHSFICNF99WGGHGKACCNTNUJKTSQHMKJ9TDHEEBCMTHBWF9QXS9SPNFGHTPCTQTSWASFQARVNPWBVND;2779530283277
RTURMOEASQLLWKACNSZVQPMWHDYDPPSCEGBTBITMWNSULTDPP9QZCFIMGTRWQPIXYACKWZFVRBXJWSWZA;2779530283277
9UFNTDDOMFQMPMDIHC9GQXVDDJXNKUZFPZKNUDKAFNKM9EDPIJGGJV9QSAKWURHCQUQQOCINCIRPMKPSB;2779530283277
YUBNJOMHGBHRKWXKUQMXGXZKGUYG9ABBZPWWTOIOEV9GTXKWIXMJOOMKLDHTMHDYAYQHBYSZ9GFOMPP9W;2779530283277
PJTCFKOJECKGEBJGTGLFIORHWFRSQNMCTIAVCWSCMRQWKDVBHRB9GWDAFTAJLOTXQSOZZNEGNSFRISKNW;2779530283277
TBKSUS9HTNMTJZVTJXLHDKBKDH9ZHXAGUOBNDHOGLDDIMM9OYNP9OXW9UCXKONFNWIMJVWWEPMQUWTSFZ;2779530283277
VQLOMVYAINSXDNNCOVFQCLOGDLXXFULLEPQOVAINUNDNTKGHEOLMMEA9RHUAH9EOANVRWWLQPYFRJWVDD;2779530283277
RBLLPZVCPTN9CAASLESCTBEOXWEYULFBV9VVGAUCBN9GMXG9MPMXVCWNCAT9OAJXXGTUSTEOGHI9MPODA;2779530283277
YFKIBHSLMUORF9WXTMDSAWJYMWRECELACLAZFJRBOLRWKMANZLNBFJBTBQ9PRATJSUWHN9XAZMY9LQDXX;2779530283277
LPLTA9WMQILAORJCRPUCNBWIDBKSWN9VI9ZLPZ9AUDZVEDDNZQUJ9VBU9N9HPGFKOTQQJYHBM9MXPTCA9;2779530283277
RGBXUIQPOADHKXURMZXBYSKKZRTOZSWPU9YQPFWDTHTJDOPTCAPYWVD9RS9NE9IWCOJUOUXCPEAQZU9IB;2779530283277
UCJVOBVJRJTZIHKMXAHBBTFLIIHPMZNRWWQVGCPJEYAKKRJKDXXFPBVFCVFIUWGBVXUBYAFRKYQ9VOSWB;2779530283277
OWBZVP9PLWZVK9VDSRRM9HEGEVBJCLBTVZVDLDIJEQTHVLYPPXJO9UVSQPAWNFZCJSCWSMKGKIXUMTRDD;2779530283277
XGVWIVAJQKGGRWDECRSSTSXPSWGMKULNVWKQ9NKUOJEKDKXLSGHWYHWIMKYZXHFXDEISFKFYRWZCQWI9X;2779530283277
XCCUUTWASWPLOSUWQWZGUBSELYTZCZURNXWVIAIQNMECKMOFIOJHGMDMSSCWFNLPYJQJMB9CJBWJVWLVW;2779530283277
GTSHBEAONDSICLQUAORIUGPSRKSSX9LOZG9JMGXVXRDJOFFPXBCUZWBLNLZZQEKJHWPQQALYRQBUYRDUC;2779530283277
DSYYXVQIHRRSSIQWQICFYNQKYYRFSGKEUGPHIWDNLIYXRCSJDOUXIOPBGTGEIQDBPMTZNFZWEAHOFPDNX;2779530283277
YNKCV9NDQ9KFVTIBWVYBGWGFQVLTERGDEQH9XCETRTSFTVSQGAQPWPGXVSRWG9FODSTOSZALTCTHEDCDD;2779530283277
VTADPQZAICTSTGDFNB9IDWLKBXGAJUEBOTWHGECPICAVYNILYJQADWUATGSIESKOAA9IZSZYVRMABBKZW;2779530283277
9DUDBIKPUMFACKJKZGFCWAPYBCLD9LUBRCVGEQOUYATGGVLTVMNEBDCWYGOINVYQGSPZPAVQNDEWOAIYX;2779530283277
RSMLOIIIOGOEP9QPEYGRYYKNDBANE9D9GSUBG9DIUURVJIKRNSWOZ9TZBGRFLZZINTJAIEYQLLIROWYLZ;2779530283277
SIVZESICHUOALPOCLHJ9VSCNCSTLZQPCOXKOKOUIFWMPDWCDBBHKMVTHIRJRZOW9CYIIJYVJNTMADOWID;2779530283277
PCE9NZTL9DXBXOFLVJKASCYZNJFHWNKBHQSO9BGRNZBUILHRXTCRYEMKOAFMKNLFZUYOUYXPZXJ9XLYDZ;2779530283277
ESCGLEPWZMZBMRFKBDBZWRTPCODJEIALVJUV9QPLRVARYMILWYIDDDKJQTIEFEUVNCQOZLEPZDZKSSQXZ;2779530283277
UIGCMZJYVIUPZAIBSMJ9HFVUOBPLXOATTTSOCSRQ9S9CNAHBSVSEFZBUEMSVBJQASQXHSEJLZXNGAUJAD;2779530283277
XMNWYLMXPMPXGZMQ9OKYGAFEEXERSZNUAGBDECABJZYUEHWQPSMRHCPLFVBFGYBUHLBWITSHHOIRTFCGD;2779530283277
YUZMJDGYAKYMPSKVMJZUFNYUNLVL9DHQVFHVJQIDYKGXCIHUARNOBRBLVZTQCY9GCEOZTZUK9FUH9OYBB;2779530283277
BS9PPJLWCZR9TNOQQYQ9FRUMDVYBWTEHHC9GAOTDCP9ZBUVWOBJZDZBKHXQNNCQGAMRJCDHHVWZFWOVW9;2779530283277
FUGRTMEBWEZWQVFJCSUQZSNXTRWNDSPMRIWYVAVGYWUVZVKDBDXSKFAALZSGXWXCEEHWINARCCVGCYPQX;2779530283277
DISEWCYLJZIODPSOIZSOJTBEESBSIWMY9DLZGUOXQCKJWSIOXPGHTRQWFMODFMVJNCVEIJPGXRTJ9SRZX;2779530283277
UOKYIOSUJAEYKTRCRCBJIJSRWDTEBTNGTEYJXDJUBSFAFSKZOVIMKRT9PUYZJFSJRFL9XVDTZFWZTK9LZ;2779530283277
RAHNVDWNVETIELHJ9ZQPRGDNRFULXGWCCZAMBECGQMU9CPYNED9AFYNLQTYCR9IRFIOM9UQZDDQFHHYFC;2779530283277
TGUMANVKGSLAFTVXHSDOEIRCRHSXOUDCSFHNIKRVM9UZGBCQVZPQYWBNFBVJDFFQWPLOFWPSHKHRIDVVZ;2779530283277
EBEZBYAWADGXMLLKZPTEXPQSHFFYHTSYRFMMKHYMOZSYXFYGXDEIGHAYNMNQHUL9LQAAETCCONAPRERFB;2779530283277
CTBPFNKWHNJWCIWSOICSIZ9VRRFCIRPIZJRNJXMTBANPMYPZTMSCGYTHIQFOEGL9VNKAJOISFTDV9YJOX;2779530283277
PEZYADDDFGDUYPJLGSIUSJLBPTTK9VDPTE9AHQXMMLNYGSEJNMTV9MQRRRHRGDASSCSTDVDVVKXTBPUJC;2779530283277
LNMPMTNZBITGRJLIAQ9ZDFOIUUQNLVHCFKCQESJPXWGCBV9RMYYDOYKVEBXJOUAKHVA9WQZGXIDKCGFRZ;2779530283277
OFWRICCPRDNVM9WUFXLUJBLKOXLFSUJN9DVVGSLNYCVSCAJUSNMDNQOPEOCZJISLHIUAYBMPGBIEJNUTA;2779530283277
OKRFXTBWZTRVHWPYLHSZNYKDKOVFKDHOMHPZFMQVUSGEB99PXSBPOXAN9QHFVXROJWPLRWPAUQRG9GRLY;2779530283277
EWWFDILVZLTQEIWLFXCROAYAQJJRYCDTKWYOTFGQYANVANSCMTWEHNQTXXTAXNLCDPYUUDQAHHHWGI9ZX;2779530283277
EVSRP9GXWZYWETMTVCHAUQSBLMAADTHAEWXQDPNBBOVSBKKSJYYKHGYASTESJCIOPJYAXCDJNJZDTFLLB;2779530283277
RXZLZWUINMYCFJPLDTGFISEVIKPGASYIMKTMSLLN9BGTQCAWCQSMRRQDXSMQHWSJYVZ9QIWRMUYOYAJOX;2779530283277
9UMRSTSASZJLJ9BXWYXADRYCQQUBOG9VCTYKN99MUMUHQXTVYSMOVAOWAKUCKNNDJXSGLLRVUJUQBDXIW;2779530283277
ILBKIVDHEWCBHRPBFFIZLXXBKR9LSAVLD9BNZICNRUQIMZSWYBLCOCKZNBGWNZYWHWNLWMYINWIHJHSZD;2779530283277
VURCZGHNCCAEJDIOQEQCVKIFJLNJCTEFVJNOQWOMAOHENXYTDFGNORWYOMCNTKGAGSIK9BMOSEGTHSOSX;2779530283277
COJOJZFIIBBILEEKLPKZQAWIHRZXMJAIHPSXJAZZQVXTZFKFHIYCSGHPGVTDZPQTGHUCHMDCVDDORRIKD;2779530283277
MVOPJPXRNAOTDCXGSXPKTLXJM9QGKBBMHFQ9NLZUHFEYCJZGGNXTFLORQO9CDUFRQEIIEDDIBHDTIMAYD;2779530283277
ZXRIIRTUZZIHQZEKPMAMNLIHZLLVH9MAPTLKUYMABC9TTYBDGJDBOYSGQCWVITFNRWFHOXGRDRVGTUTAB;2779530283277
YSMOUYUWKS9VVLXOBLXQUJYBLJWNZQDELMWLILFSDFISSGYPEIDOCOITQJZIUXGF9AANUTTKVLQEMRQRZ;2779530283277
MLWSDVCGHTWPGGTX9CTGJVWZHVAGHCUNNSBRDUONQ9XXBJQFXNLUKFF9JNSGENFLRIHDBWGBNQRPYNOUZ;2779530283277
EDL9TFNR9LROXUQFUEL9KBNMFVXAPHIJZIOCEHNKMUA9I9PGLLFECPNBRWPUJDSJBWAMUVLIPEMUOUNQY;2779530283277
PJVTARCCPE9WCEGBVOURFN9X9KCUZEEKPJ9UQHQKRVFSXOQQSPDNZ9EMGIAUW9HADHKQC9PEAEF9YPXRY;2779530283277
C9KLOUELEMDYJXKYBJGVJYQFVAFJWUXKUTSPWAV9CYAZKOLTJVVPSXYYKEKPDIOEPZATXUXVNYSYHPUBC;2779530283277
YAJQBIDGHHVTUUTAVQCWQUOAPHMOGDVBISPUEHBUTJPNPYMCMIQNTV9RIKTTEYJLRSRIOHKMKTMZTJVPB;2779530283277
GJOAFODLGDOAJWOHNMFKRZUS9MWDNALRI9GUUTABSDUZZ99YJPAZLMQGVKCYCLCKXXFJRWDQFISKYX9EB;2779530283277
COCG9FCU9ONEZPD9EBDDMOUCWUDVUSWACJATJPYKEMGSNNDHTZLFABMRCJROEQPIGHNIMXGIWWIH9QURB;2779530283277
RTHPHOU9SUCJOJVENUNETFFKOTXDY9DJZRQEBWWCMATWVSLPRBLCALXWELJEWALHYSNHO99WVWGKEAZIA;2779530283277
VTNQCLZXZSHUENBJZPJBMNR9AWCKVXPKFIZN9PDIIHTVQAZVKRZEQE9GXQSZT9NH9JZWVKLUCFXFQMHMD;2779530283277
GUOMWBMMOLNMHIK99OXVKDEHPIFDK9DKWYZJPKPGGWGJOFEJYG9KGTRBHTNWCULVJDZAAENZUJIOOCRRB;2779530283277
THAXEHWUKXONXKIJHWZGOEVBKTKKBUGORROXBRQDM9AYCAVGFAILFALIPNCXAZJKM9YNKJXSDCSZFVICC;2779530283277
EPBWPNXCAAZRLMWAWGKMJSBTJPGNCVTHDXPTHOGLXNDLVAVUHTOETTYBRVOYKYDWKAJUFDTEMOQGEHWEW;2779530283277
9ZJNOPXUMXVYHCEFWUIVZLTJKHXVSNYDZTIU9SUTZ9ZCRBKALRHAJDYMKTWUVHGEVYNEYNOLHVWBCEFBA;2779530283277
AEGIYPREUZEDKLISOTPUTVVQDRPYIOXNATLLFNJNJEGGCFXLZDEPUVXTSOBNQK9ROYICAO9QFK9RHTDMW;2779530283277
AZWGSGDFLNFVPQOSMGHANZRG9KQ9PVPIHRDGPDVBWAIXTDCFXFNFVZJGQEWPOEJGGXTTGUO9BGBHGJVEW;2779530283277
MPWHEEGA9JUHMXFGZCCIGVG9WU9HNE9EDEZZVA9IRZQGAIYCOECSHYKYTFFGOEIEAOLXSEVRYWOCAFMCC;2779530283277
TORVBQCVYFPI9Y9UMIEOSCQDYKRT9KRDBUFEK9RBZTXBXFPKLUZATLOU9JISWHVV9MQEJL9WCPMRGOFGC;2779530283277
OVCTKCHK9HEXJ9KKP9TEN9B9POGDRFYBGHIOH99YDAHUNNQVGTRCIWFJBYCDMCQASHIIYCTRLPHMWPRSX;2779530283277
9HPDPVLHCYEYOVORQQESIEEYGGZEBFLLWOSCAIVTDTEAWEIFRNEWSPJCKGZHLOETQIIIXIQJBMGFISZTC;2779530283277
HZHEBEWZBBBRQJJKXUXTHLMRLTJPOYRPHUBPMVXNIFVDRVQDZKQHQYVNJMKEYXQLTCAOUHATUQVJCTSKY;2779530283277
NCJUGTMGEBNQYRSIULDNFIPQLTPJFRJ9JUOVXULBHXAIZZCPVLFBTMKJRRFINCQVLI9UCJDSAMFKURTHY;2779530283277
FPDC9MFTRCWACFBV9RCOHVRCYHNQTFMMYDWNHTTOXUAICOXYDEZSXMDGGOMAKOZFICCHR9IAARSXJITBD;2779530283277
GHVSPODOVZWVKOOJNJAVJQT9UXGKMEJNKQHEQZHTCXGLWWUETSVOOOURLAUOSUCBWBOEKSFCYSUBDSZ9W;2779530283277
CJV9UFZCNGV9KMSDPYGDGBQTFEGBTJEDXPFRTBFYOGPINP9RXKNEYRTUXPJNDQG9STMWHLMMQQNYMIP9Z;2779530283277
QTVAUAQFGWAVXVGSIHNEVYCZXTMEVCXS9FSYMEJNWPUANOWQPDIMYGSXDDGIPDHLQLUBBTVUCNPOOXIYC;2779530283277
NIFXPWLAMSQCGOXZQUOZTJJPTSKNJFPJSFVBXTXAPFJDHACJJJNBZFSLIRDDYOC9HSM9DTNEPTIRWIFRD;2779530283277
ZRNWOIBCWXVN9VFXSPARWPNXBIVY9RNQCKTYA9VMBANZTOUZKXYLVPNAMGHTQAVZLDWLCAFG9PLJPLZUD;2779530283277
DQSBGLTHRK9COTZJEXUEMTTKM9FNLFMRMKZJTWXVJWTEKUKAJRHKBULMH9MNSKHLFJSTAZSW99DSNWSAD;2779530283277
ISW9WHMZBEE9EVLLJSVRWAAODJXZFK9UVUTOBNJOLQBFWHOPTSAHOORBFMG9GBXQDQHPEOXFHFTHNBJCC;2779530283277
ZCYTHDCGIWNHXYJPEN9LMSBOKXLVRDAMENAKXTCMZWOYWBNHHFJBPFNPQVVPMPSCX9DPMNFWJPFZLAIGW;2779530283277
SGUSOFICCYBSZCATEKMAULFDZWOVVZLWZDZXKUNHH9RSAPTXEXREGIDBF9WLMRVIBDHZALQXXXAHWGKLW;2779530283277
ZZKRFYOKGYZJNHUU9MOVXNDCGDALCGPTDEYCKUT9PZCIFLSOHIBHNTXDWCJZSU99KZQURD9HLWUCRUXYD;2779530283277
ZEXEWHFEJPEAIJLGXHKTKAAMXAGC9GEGAPMIJZRZWKTDRVIMLAAEFMQEAGINJWWAEAT9GJU9UNIWIVIQW;2779530283277
CIDEMHVFNBKLFIMIAKPAXRDOIDXNYHAQNHBUWVCMPZZRJLGYGNPDZVFDPFCDYAKSHJHMVNSC9KHJORAID;2779530283277
TAMXWIKMWSCLKEUXKEEBOSSRNTXJBGMEDNVCBZXRFXXRMWPFSCZKOCKLUVXEZGR9TXGFYOSLIBGJMKNHW;2779530283277
GEWBGVVEPREFTZARSREHEBZIRUATMFRQTFWLIJRRUMAYPIJZADAYKIFBQJYOUDCSCCSGNVRGZPKGPYQHX;2779530283277
F9GHTPDKVXLNDVH9ZXPEFQEHISFZBPQXODZDMHEQGSOFOXCFBMHGUTJZHZM9QSZYAHAKOSNNBNCTOUDVA;2779530283277
EUG9XVU9JKHQHTWZJ9IHZQECQTLNSJUPONZGLPKYKFNJBZD9CVNWTHYFTDHMQAXKASAQ9ELIVIHTXGKUC;2779530283277
GKKEW9TRZESSGWZD9BDYJVHOLZQVVRAOYPWHPEKK9MKHNSUDCJZORMONFFBANLUEF9ETYEXNUFEKAMBND;2779530283277
ERJXEGKQFDLBBXEAMQMDXPYQYTZKK9NJOGNNZUSXZETA9ZGQFOSJMUAFJIWASLBR9TFFQOCVPDDYHTLHD;2779530283277
CDALO9HLCKZRPERAZTCLJAPT9EIMQRAMTO9U9WESPFBZDZNZNUN9HHPLLRXXMPMUKWVPLEERHFRNCTXUZ;2779530283277
IACMKNFOPJWDDNPEMMPBY9BSIKICZSADKUPAJEDWEPFWAJXQXARKY9CKKGEEKEQPRRHICHHFTULDHOXMY;2779530283277
VOJSPXUDWYJOKXDUK9S9YDYVVKEMYEADWQZKSVNQ9HYZUF9DSITBTGOFDPIPCHUMGWQJYTAVVRKQMMOH9;2779530283277
DZRGO9LPXBSWZIQHTJHYWGDXAABVTPGLEVTMSF9RFUUGVLGNAUVTHJBDSPROROYMSTZVZJYDYENIQDSDC;2779530283277
TSGYDBDTMQBCAFLVGDPXLOMNEN9WD9PGSYKTJWLODCBGYRMXMOQOKFETMJBDCM9YTXZO9HOFYJRKFQZLB;2779530283277
DTOYWLRRYAGUKZVAJSWZLMCAOQRGRKPOQSCGRAHXYIGEBYTNGXQBDRMNKMAZGVYJRKLD9NXJCTOTHTFIA;2779530283277
PTYKZDROJLDHVOWQ9DJOLO9WNLAZ9YSBPYSMVXKVVATCLVCQNEGKNYNOUOHDGVBERLQTGFTUFKAIJFNCW;2779530283277
ZJCLRTOTZYRFGQDJRTUNN9WBTPIXODBWZCMSPYRDORVIKREWMTKCJKPQNUYMEOUOOCZTJFS9QCWMAWV9Z;2779530283277
XNFCVNAWKTBXB9RRMHOCSVSRIOCNOQGOUYMVYMNASKHCOGZSTACS9LXCAJVCGXKWVMEAJJNLHQSAZDGDC;2779530283277
TEBWXFSBKDJWYIB9FJLIHOPZZCDMYZN9IWTVMHVHAWUXK9ACKAIJCFFDLOLHGXDBWIBO9RPDPPOATWTFA;2779530283277
IMLUTBGZNBUONQUIKJKC9VSPKWVYLEHTOGG9YHGMOLNIEHICEM9WKP9RINUSUWHAPTOLAFUQUVWM9CPCW;2779530283277
IMUUMBBLZOOPNV9NCTVZZOEWPWHPRHIGBCVARRVAFSSJAXXDB9DWGDSXOMYZUFXTXPJPYNLHZJJIAIIBA;2779530283277
WFCHDTFCKGLWCPMKSA9IUOKYGSBXOANEMLXIGCUNU9EK9PDJLRVNAFHJXXBENEJXDUDOFAQYOPPTGXHIW;2779530283277
VFZCALVNCYIOUVADKXMPDALQUFEHUIYHRCZFPAKEPMUOXOZNNKZUQRRNMZMAFATZNYCPOUSZQFUTSZNUY;2779530283277
WIRCWL9WDWUIVRDZRAPLQQRCFZQOKOTMQDYVUYMEWSEBWZDUWYA9OJASDHKNBONOJXXFGWJQWJRXTRTHW;2779530283277
YZOAZSLGLQWKYPJPCTRYHUUVIJFELLUOIULVGHPBVXASIJOYZBONSPHKOIVPNTZPFPUYZSSPZVPQHQNXW;2779530283277
ILTOMAYOAAKKDKPIYDXBMRLBOLVNQEPPFTYOCHSSOXVBCMGPNGCADVUJTIUBWKQHWOPQP9FEGZYGSEZGX;2779530283277
HLZWOGAJGHXDDGHRDADKJTQYULSKENAGL9BPWWHODHISE9GNZEKGCHTPZTAV9SWLUNMXJFCNMNFKIWVOW;2779530283277
DGWU9P9EIDMJFGLRHLVHGFX9SUCGEPPRVNSJLFLNRY99GQNIZZDNMEHUK9W9JKXNHWUZKPBBBMUJXJBMD;2779530283277
JSEPKPQOVIKPFYWLHUNHZGOOS9BZBJFQAVYL9AQFVPGPJIKYPAZKZNSJBROEYVCKQNQKOYBUCUSNBDILW;2779530283277
OVMGPZLMYBDDYHDFIAYHBLHOPMAVBWCLOOSYZPJFMANDMBLN9SONLHTPSWN9IGHOVIZWGMJDKNOZATICZ;2779530283277
UZNBFMJXNCCYDJHPAHRHTLKSAUZSDOQVWOYVISPKGQOIRIPTKZPQIW9CYSQVAVILKOSTTDBO9TPWCGYVW;2779530283277
JPPNEPPYPBNCASZTATWCUL9THCMGCGFMNFJXOYJQJSEQULVWTOQSBRBTSZCEMBBYAPGFBYZMNYRCRHYDY;2779530283277
DMXEAGUTUNMVRXUTWXSQAHZMJ9LCBQDXMHIFUHXAT9RYBEGTVYWWYQ9OUAKSKHBZTBMFWRMQPUUYOUWVW;2779530283277
TTCGTJCYDRSLRS9JOMQJOJXLRZFZFPBOKJGWZUHRIKLMTGZWENI9RKJDAVROHWMHIU9TCSLJYDYFXOWAW;2779530283277
FLVKDFSO9EPFWTBKTPFKSKGJLXXVNTFFDRGXBIVSUDYUCJKGZDLIEYIHZXOCKOGZTZFHNAXBYHEVBXTRD;2779530283277
LMTEELX9AQVCUTNEJREOTWJJXUOLZTWCNWTTTVWEJEHHZSLEGICWBKM9QQVCIQMHUJRZKHPYWXELIOOS9;2779530283277
XQN9OTYXOXSYAQANDWVZLMVFMIJOSPFFVZA9MDEGEDCCWYXQTBVNZQBUTLNCWBRMVMFQOUAC9AIYFHYPY;2779530283277
KRSLGYKWERBRAKJUCYJOLDIWONFMKYAAUALVQHZHRIMXQFNLJGFWHTQOSODRVSDYZSZHPELSTKISECTUW;2779530283277
IG9FIOZG9WIKRPHYXZHJBPRXP9XTBB9ZDWBKBXEPYMEOINYOUKVKXSFJHDWUXV9WUFLJTRONNEMDXGDRD;2779530283277
HGZBFRHQFSDAYUDKZPFHTNNDFQAWPZNJNCLWJGDYPMLFW9CHCFSALCOUBOPTXDHMULREZOGYVEBJFHPIA;2779530283277
AYWIFSIQCFEENCWXYBHRJEWKFGOEXNUGGQETTYROHKECUMXNOXGQ9HLZCF9KZLHEPCIXFVWBBDQSUGOFA;2779530283277
QEYUDBAAWLWIREJIIYJ9EEMRWPZYKTKSMBVTNCOJL9SYDUQSLVUIITMVPOTBHWRFYVQQGRPMSPBRNYYOW;2779530283277
YTYJPCSIFOD9JPLDPOGFIYQCYFJXXLXROILLRITE9LDLGENXTWSDLGEENLB9UUDGEQYJOTKXVMRCGICHW;2779530283277
SSXKWAMNUSPUVWPBCWTDHVMNPJMUDQHWYGS99RIPBBCTHQABVAXSTWU9L9DDQXFJZFOXDQLAXZSGAPLQX;2779530283277
YVU9AXIYKWSTALLOVLXYQEMEYW99BDNVLDNEZAWDX9NKOLLDQCRULNRPILNLZNNFTDWHUGHEHYMDXG9XB;2779530283277
XW9ASXEVSFCTJVLUBCSDTNETPTRDQNRTL9EOWLLDFOOJHUBFOEFB9FISMNOAVZRLKGDOIHMLDMSEQHEWA;2779530283277
WLURQQCOPLKTCDCOAARZYLJACUHGBOSZKBJLD9L9JWRWCAXEPERABPIMQEWFAGSRNOBSUPMVSKBVRTQBD;2779530283277
9HVRGPPYYJWVHJKQUGNYVZAWCE9MBDYGUERUZVCVHLFHCMNUQZT9ZOWJWMTJXSHIILEWURJQBCFYKPYAZ;2779530283277
EDIUWXDZEJGXWTXBNCVSYT9WJAJSVNX9PXWRHZOZXDKMIDEBCEKPSLKMRZNOKWCIYOJXQWPJOLGMFIENW;2779530283277
9MEAP9GNUCNPUGO9HIOYYGNDHHYBALRLHU9IWWQHWXTHSFKTNJOMVDYDPBSN99ZGJZFXETAMQKEHGDFOX;2779530283277
CLPRSBPY9OXJYFY9SIKMUJAZWBXAOBEPGIUGKRJOGEJNQCPGFAI9KLJFMNHITRJB9TQRXUVTJCOSOXTPA;2779530283277
ENFHAWPMAYHMUNBFTXNKP9MNDAFGOKGOLYJLOUKNMYMZPJFWE9CNRXELCIQOWYFAXBLZPDVVHXZROCDBD;2779530283277
QMPT99SIVJRNNNW9PEIJOOJSPGODGCATWCCBPRXCZILJQYZEZ9OBCQHTTQNXGIMMFWMTLXAIYLEGUT9GB;2779530283277
NCGTFIFAGKSBODLMHUZHWMCVPXPFAIVYXDX9CILYEBCGSH9BYOPHHNBFSVCLHOUIFQAZIDGZDWNTTLCSD;2779530283277
AVZQW9FADTBIJ9LMEZZTUDFJZUDCRNEKPSQBYLABYXQWXADUHQMTAFXVIAURSYRIJBEKNLGVYHAAMQU9C;2779530283277
VOJCJAVX9RDDZGARYHKTKVEROEZNFQWQSRBUCERSBMKZJLXXVTDFWCQJWKUTLSVDVFCKMUICMFZS9FMIW;2779530283277
XXE9ETWICVIYOJLXTYIBMCAIWYCAVSLFEFBXXSSFGZIFH9CBMVSQOFWQNE9RJXUQRFPKQXGOBFESLGFLD;2779530283277
NTHAYOWZNVWHZIBZSSCOENIAEBHAGZEAVICEZSQZYIISFKXVRWKZTGTWAF9EDUMSJXALWOA9HRXDTV9MY;2779530283277
MPWIATNUEDBHVTVNCICBCYNKTGDTFVBPCAPYPLXKIVYAZJQFGOEUOQOMCCKFSKKSIJVCTXFKWNHOZUWTD;2779530283277
XDSW9IPIBXCLZJUQQZKBWHBRGKFVHUSULDLPQFUGGPCA9NEVFXCFNFRE9OZUMY9VPFHCI9RXGYTXDJYQZ;2779530283277
FITQ9UKVOFCYMSHPXS9QOEWOWGSRM9KTFYBGNGSJNUICBMWRGUTEVQAZOHWRIPFIDNBRDGMXJTEWJNYM9;2779530283277
JQVOB9ZLRRSYFOCHTQXBOTCWJFXFZKPJOFZWVVTHEDIEZQGZPWQGPVXJA9QKNAQQZUXCYUNJNPHMRPHA9;2779530283277
JTTGVUHRJDYZGEZPSYMHUWGJWIUDFEVAH9DRGKBYVCBSMWXDCOQWENIWFTMTVYAWYWAWGQAGBTOVWUDFW;2779530283277
FSVFZZADODRZIMCVZHAR9AXOYHYTUXYKSMBEAIGJXAKQNVXBLXLFXZAINXZXIYPAWKJIXHUV9ZRHNDOMX;2779530283277
JMLMVKNFUHNJMFPOEROFFWOHQJDSCJYXYWYRQJL9PLSIRFRHZFBEGVPMQRWWAYWFBXXNDXKCQGKMNZESC;2779530283277
YXOCVNJSAFKXDHGCOUIABQRPVTUACEQPYERXXBSGPKEFT9HASVDVGIOXYHGR9ENTBGPANNVCRRDPXSZJB;2779530283277
KHMOCBXBJESTFFV9WMLDTOZRU9WJT9KUSVXRKLGEXRXIUSFQQUPLZPTUHDVR9X9VPMHXLXJQRFTLATLIB;2779530283277
MBJHILOXLBGSGQJCIUYPGDLDMXREBRGOAWHQICJTQKLGON9XUWFBPOKQRDASBRURXJCPCQRTJSQGCTTU9;2779530283277
XBXJGLXQSPJQWDCWIAUGLOX99FVOQLWVN9NAVW9XAV9RWSSBXOEQCQDEKEDVPPFIFGNAJYCANUEHBLQLB;2779530283277
YCPNRGEMEMJGGKVR9DENFTXTYCBGDLPIBBWJDARNTGGYWXVHNGSABUZIVOJIBJTUXLQFDZNIQMPEMOMGW;2779530283277
QJVRWZLDQJ9FJIJZ9FVQFZRPLPDLBNOBWBSQLMJJYIAUVEVEQZMMUQUFTEFTLXIOTYQOYLNOJOOPLHLIZ;2779530283277
GFPFOZZMTCTFERNXUZ9AXCFPGDUZV9EVAGWAA9GLSXXCRBGPMUOJCZCKZDDKIAKQWXKXBLMRVGXSTUUPX;2779530283277
FUT9WZERPCXLUVIETKTIDZLEVLZPGAMLZZQNJUNDBKILJQR9XDIXVILSUQALATJBM9A9NFB9UJDKTQEPC;2779530283277
TIELVAZJRFVUCVAAKLEKZINQARTZFSHRIYGCFBMIUQNUSNZHEQGSZKBYYMLVQTCWXNCXOYWFRYNCTBLAB;2779530283277
IDI9QYLSCDBKE9MZEM9WPTMOUINDVCRYCJXVECTCEDRBAVYZXNADDPLPCX9TZOGCMQKD9NQKSDXXXUNMC;2779530283277
GJZAMJPHEGBOZZEPTQKKDS9BWIVSBCKFDQ9QTRHDOWBQSK9BPGLZQZSHKJMSLVSREUZFEYU9CI9VRECED;2779530283277
FNDRCBRZECOMRWN9NVVOQJZGOPMISXFQO9XQXGAWROUSQPTKESNYQSZDMMKRONLKQMZFHRNGBWLJOHGU9;2779530283277
ISMAFTAVOQMDDCWWCYNDDX9VRFJQPAON9PYVUH9GIEONIJEHWDDMEVCUJYLMWZVVIOQJ9XFQSLYZTN9AA;2779530283277
OGFUOCBLRQXGINORTWLXVBBTZMKKTYAOHZXVSYEFQAZGFCFO9OGLWSQQNJQGM9QEAPJAAXMZOKBNPLOGA;2779530283277
LZNKIFPZNLOQQYNQSEEDHGC9GICPLFFQVMVCEYJKRFQGXWPMLSHCRUHFBQPG9TTJSHARQCZUETEDVOTHB;2779530283277
L9XANJTHKUYYQAKB9UYXZLUKCXPIQQDPZVKMTGMCZ9MTWYNLENNJB9EYL99GWQBDUVJ9FNMCWUOGXJKEW;2779530283277
JRFAGGIZAMZIYYQJYDUDXNMBLJUETKSCHNGXTMHPZLCIGMLCNTPJIXDPHCIVWYFQBOEXKKRDYYEMOLESX;2779530283277
WYNTLKP9HWPNRHBWOKRTWRUWIEOLJAZMNJZXGEZTTWCENRNT9DCAIWRDWYQHVKWQWRJWZSEC9NTQYS9R9;2779530283277
QJINXOJUXEE9JCAJBRBUPDISZEUYRJUFITAWPPNQBKEGONPELYXEBXAPCYNAJWJFYKUPPIPDIUBEECZGD;2779530283277
MW9M9GZZUZIRXUSXJWSFIAEEKDSGFUIPIFKSFQBGME9WMEWHPBHZACQCFAKNGKEMAEDFBCMIOTXVDGJRW;2779530283277
GSBKRZCAPWPYNGH9NDYLZDGLJOREDJCEVUZLPCA9ZOAUKXNGCTXRKSLHDNXMROVFHLFTUKETWQZSFDRHB;2779530283277
SYFBZMHLTNXWGCMOVLJJAGBVJYSP9NDIJSURMHLO9BOHEJVQJBKNTKOXSKNETHJJ9AEO9BXQSRIDUUIL9;2779530283277
LFMPCUAGDNNAJQZOFVN9MXEEGVTDNVJBVNLMGJUL9WYBQTVVKAAQSTK9XLDYOSZABBBJMFOWDSDZNSF9W;2779530283277
OPKAM9WZXXM9DMFDK9HYYLUIJFMOWBCLCJHBZKOQPV9PSANQLEZ9UW9ZPPMKVRDMJDZVMBNCNTZZCTVXD;2779530283277
JVVE9HTQP9PPCXLMNSMTXWEWDZFWOBQAMLTRQIMEQCEXQPHPFBICO9SVJSZBZBGOKLGJZGVGIPCHPXYDY;2779530283277
RBAQTIJWZAHDCIEGFJZZD9WOPJUBBWMLVCPMUWIYNMHJTDQYPCTTRTQAXKGXTZKLSJEFCQFCRJ9CMVDGY;2779530283277
MYAZCQ9GFPUWPLLVDFZBYCECPNPVLLZJDPFTSYKOIMMNIKAKHCCNFFOUWOSNRAETM99PDLTNTTWIAQGUX;2779530283277
IUWHLTRLNP9FYXBBCTEALQOEPDWIFOVJTEUWARPKMHMUQTWXTXZPALNKQMUGHYIXRTDMZNROUTCUJFAGB;2779530283277
ZYYFIRSECCSJAIINAHGHZCNSKOTUCMTLHMFGF9JBUHRXWSLVQCN9DSTWKUQXJNCXARKMYLPTNDIJYWHFZ;2779530283277
ZGJY9JKNNEKNDUKHHLFOFTTLTBQACJSSFYUYTJZIFCVW9PGLVBKNEMCYLYSOPYLALPEVFEQROUAXKTEAC;2779530283277
ZKNNHWHFINACFXFYHAKCINGYGGLQAAYDEWLDFPAYJESLRN9BEKZRPBQADUBKWBCADIX9WXEGQYXGDGZO9;2779530283277
OMMBXCXINWCDPUMJPLGAYYAZEQBUFGLFRMLJUMNTZEDBJRERWXZYJDRXU9OV9RXZWURPXM9JIREBYSWLW;2779530283277
SYTGZDERAJ9KFWDSIHBSIEW9NYXE9HDEXSOJJTD9FCPJXIARVHMYXTMNMYFHJDJIYUTCTBGJQCE9BDCWW;2779530283277
FTWWCLFEWNSDNFPKNMEBEULTZBPSZUJ9CWZGYDUTQXMSYMGWPALSNBAMBPUMVDMBECUAVOXXHKGKWS9ZX;2779530283277
JAERYFPFUWDMZNGFPQPWVMBJDLXIYOVVWKFDWABDGUNTTFSTKDGSWDNJIADQXZUHOAAAZVMREHJDRRDZX;2779530283277
AABG9GRWVMZKHCW9DFACIURATKZLFZCNTALPOBQQHY9JYRO9PIYMEYGCUUYQRNSKNTW9JXSWIBIJOBYCZ;2779530283277
TWJVVXUZKHPRALJPBONLSOWDNUDU9LCAZKOMRDCQ9OTUKPNTLJJDTJQGOQZEBZCLZ9ONGAMNOHWGCUPYW;2779530283277
EPFIIXDEQWBENRKJJHBTWEMSUUZQWHOGEPAOLNIBHF9KCTOSWN9AUKXXD9NFKLYPGZGYAWPMOUTZROOYD;2779530283277
RQBMZIEFKUAMDF9CFHOHYJ9SRKZGFJO9ITMNUMQPFNROFQYNGDULHQUKRFENZLOHDISTFAQSKUFWKAJHB;2779530283277
WNIBUZJ9BBKPIDYEWTYRAJI9PJUYJAYJBCO9BOGVIU9JTHOJZSPVF9XPEVNEFZAAGYBJCQ9NHDZLXKTWB;761
